[Licensing::Module] Trying to connect to existing licensing client channel...
[Licensing::IpcConnector] Successfully connected to: "LicenseClient-hifzu" at "2026-09-13T12:15:47.6672613Z"
[Licensing::Client] Code 10 while verifying Licensing Client signature (process Id: 21812, path: "C:/Program Files/Unity Hub/UnityLicensingClient_V1/Unity.Licensing.Client.exe")
[Licensing::Module] LicensingClient has failed validation; ignoring
[Licensing::Client] Handshaking with LicensingClient:
  Version:                 1.17.4+4293ba1
  Session Id:              e6d8b2ebf665455ab68930abafdde9e5
  Correlation Id:          e49ca424fc49b67c8dccc820e9b1928c
  External correlation Id: 8750102083882167144
  Machine Id:              8/98ErPf652gaIC6A+DOYyTJmSk=
[Licensing::Module] Successfully connected to LicensingClient on channel: "LicenseClient-hifzu" (connect: 0.00s, validation: 0.02s, handshake: 0.06s)
[Licensing::IpcConnector] Successfully connected to: "LicenseClient-hifzu-notifications" at "2026-09-13T12:15:47.7468817Z"
[Licensing::Module] Error: Access token is unavailable; failed to update
[Licensing::Client] Successfully updated license
Built from '2022.3/respin/2022.3.62f2-4af31df585-v2' branch; Version is '2022.3.62f3 (96770f904ca7) revision 9860879'; Using compiler version '192829333'; Build Type 'Release'
OS: 'Windows 11  (10.0.26200) 64bit CoreSingleLanguage' Language: 'en' Physical Memory: 15982 MB
[Licensing::Client] Successfully resolved entitlement details
[Licensing::Module] Serial number assigned to: "13469749262132-UnityPersXXXX"
BatchMode: 1, IsHumanControllingUs: 0, StartBugReporterOnCrash: 0, Is64bit: 1, IsPro: 0
[Licensing::Client] Successfully resolved entitlement details

COMMAND LINE ARGUMENTS:
C:\Program Files\Unity 2022.3.62f3\Editor\Unity.exe
-quit
-batchmode
-projectPath
C:\Users\hifzu\Downloads\Re9lay
-executeMethod
WindowsBuildScript.PerformBuild
-logFile
C:\Users\hifzu\Downloads\Re9lay\build.log
Successfully changed project path to: C:\Users\hifzu\Downloads\Re9lay
C:/Users/hifzu/Downloads/Re9lay
[UnityMemory] Configuration Parameters - Can be set up in boot.config
    "memorysetup-bucket-allocator-granularity=16"
    "memorysetup-bucket-allocator-bucket-count=8"
    "memorysetup-bucket-allocator-block-size=33554432"
    "memorysetup-bucket-allocator-block-count=8"
    "memorysetup-main-allocator-block-size=16777216"
    "memorysetup-thread-allocator-block-size=16777216"
    "memorysetup-gfx-main-allocator-block-size=16777216"
    "memorysetup-gfx-thread-allocator-block-size=16777216"
    "memorysetup-cache-allocator-block-size=4194304"
    "memorysetup-typetree-allocator-block-size=2097152"
    "memorysetup-profiler-bucket-allocator-granularity=16"
    "memorysetup-profiler-bucket-allocator-bucket-count=8"
    "memorysetup-profiler-bucket-allocator-block-size=33554432"
    "memorysetup-profiler-bucket-allocator-block-count=8"
    "memorysetup-profiler-allocator-block-size=16777216"
    "memorysetup-profiler-editor-allocator-block-size=1048576"
    "memorysetup-temp-allocator-size-main=16777216"
    "memorysetup-job-temp-allocator-block-size=2097152"
    "memorysetup-job-temp-allocator-block-size-background=1048576"
    "memorysetup-job-temp-allocator-reduction-small-platforms=262144"
    "memorysetup-allocator-temp-initial-block-size-main=262144"
    "memorysetup-allocator-temp-initial-block-size-worker=262144"
    "memorysetup-temp-allocator-size-background-worker=32768"
    "memorysetup-temp-allocator-size-job-worker=262144"
    "memorysetup-temp-allocator-size-preload-manager=33554432"
    "memorysetup-temp-allocator-size-nav-mesh-worker=65536"
    "memorysetup-temp-allocator-size-audio-worker=65536"
    "memorysetup-temp-allocator-size-cloud-worker=32768"
    "memorysetup-temp-allocator-size-gi-baking-worker=262144"
    "memorysetup-temp-allocator-size-gfx=262144"
Player connection [28960]  Target information:

Player connection [28960]  * "[IP] 192.168.1.12 [Port] 55504 [Flags] 2 [Guid] 2817171843 [EditorId] 2817171843 [Version] 1048832 [Id] WindowsEditor(7,Zen_LeftHand) [Debug] 1 [PackageName] WindowsEditor [ProjectName] Editor" 

Player connection [28960] Host joined multi-casting on [225.0.0.222:54997]...
Player connection [28960] Host joined alternative multi-casting on [225.0.0.222:34997]...
Input System module state changed to: Initialized.
[PhysX] Initialized MultithreadedTaskDispatcher with 8 workers.
[Package Manager] UpmClient::Connect -- Connected to IPC stream "Upm-30280" after 1.0 seconds.
[Package Manager] Restoring resolved packages state from cache
[Licensing::Client] Successfully resolved entitlement details
[Package Manager] Registered 53 packages:
  Packages from [https://packages.unity.com]:
    com.unity.ads@4.4.2 (location: C:\Users\hifzu\Downloads\Re9lay\Library\PackageCache\com.unity.ads@4.4.2)
    com.unity.ai.navigation@1.1.6 (location: C:\Users\hifzu\Downloads\Re9lay\Library\PackageCache\com.unity.ai.navigation@1.1.6)
    com.unity.analytics@3.8.1 (location: C:\Users\hifzu\Downloads\Re9lay\Library\PackageCache\com.unity.analytics@3.8.1)
    com.unity.collab-proxy@2.7.1 (location: C:\Users\hifzu\Downloads\Re9lay\Library\PackageCache\com.unity.collab-proxy@2.7.1)
    com.unity.device-simulator.devices@1.0.1 (location: C:\Users\hifzu\Downloads\Re9lay\Library\PackageCache\com.unity.device-simulator.devices@1.0.1)
    com.unity.ide.rider@3.0.36 (location: C:\Users\hifzu\Downloads\Re9lay\Library\PackageCache\com.unity.ide.rider@3.0.36)
    com.unity.ide.visualstudio@2.0.22 (location: C:\Users\hifzu\Downloads\Re9lay\Library\PackageCache\com.unity.ide.visualstudio@2.0.22)
    com.unity.ide.vscode@1.2.5 (location: C:\Users\hifzu\Downloads\Re9lay\Library\PackageCache\com.unity.ide.vscode@1.2.5)
    com.unity.purchasing@4.11.0 (location: C:\Users\hifzu\Downloads\Re9lay\Library\PackageCache\com.unity.purchasing@4.11.0)
    com.unity.test-framework@1.1.33 (location: C:\Users\hifzu\Downloads\Re9lay\Library\PackageCache\com.unity.test-framework@1.1.33)
    com.unity.textmeshpro@3.0.7 (location: C:\Users\hifzu\Downloads\Re9lay\Library\PackageCache\com.unity.textmeshpro@3.0.7)
    com.unity.timeline@1.7.7 (location: C:\Users\hifzu\Downloads\Re9lay\Library\PackageCache\com.unity.timeline@1.7.7)
    com.unity.xr.legacyinputhelpers@2.1.12 (location: C:\Users\hifzu\Downloads\Re9lay\Library\PackageCache\com.unity.xr.legacyinputhelpers@2.1.12)
    com.unity.ext.nunit@1.0.6 (location: C:\Users\hifzu\Downloads\Re9lay\Library\PackageCache\com.unity.ext.nunit@1.0.6)
    com.unity.services.core@1.14.0 (location: C:\Users\hifzu\Downloads\Re9lay\Library\PackageCache\com.unity.services.core@1.14.0)
    com.unity.services.analytics@6.0.3 (location: C:\Users\hifzu\Downloads\Re9lay\Library\PackageCache\com.unity.services.analytics@6.0.3)
    com.unity.nuget.newtonsoft-json@3.2.1 (location: C:\Users\hifzu\Downloads\Re9lay\Library\PackageCache\com.unity.nuget.newtonsoft-json@3.2.1)
  Built-in packages:
    com.unity.2d.sprite@1.0.0 (location: C:\Users\hifzu\Downloads\Re9lay\Library\PackageCache\com.unity.2d.sprite@1.0.0)
    com.unity.2d.tilemap@1.0.0 (location: C:\Users\hifzu\Downloads\Re9lay\Library\PackageCache\com.unity.2d.tilemap@1.0.0)
    com.unity.ugui@1.0.0 (location: C:\Users\hifzu\Downloads\Re9lay\Library\PackageCache\com.unity.ugui@1.0.0)
    com.unity.modules.ai@1.0.0 (location: C:\Users\hifzu\Downloads\Re9lay\Library\PackageCache\com.unity.modules.ai@1.0.0)
    com.unity.modules.androidjni@1.0.0 (location: C:\Users\hifzu\Downloads\Re9lay\Library\PackageCache\com.unity.modules.androidjni@1.0.0)
    com.unity.modules.animation@1.0.0 (location: C:\Users\hifzu\Downloads\Re9lay\Library\PackageCache\com.unity.modules.animation@1.0.0)
    com.unity.modules.assetbundle@1.0.0 (location: C:\Users\hifzu\Downloads\Re9lay\Library\PackageCache\com.unity.modules.assetbundle@1.0.0)
    com.unity.modules.audio@1.0.0 (location: C:\Users\hifzu\Downloads\Re9lay\Library\PackageCache\com.unity.modules.audio@1.0.0)
    com.unity.modules.cloth@1.0.0 (location: C:\Users\hifzu\Downloads\Re9lay\Library\PackageCache\com.unity.modules.cloth@1.0.0)
    com.unity.modules.director@1.0.0 (location: C:\Users\hifzu\Downloads\Re9lay\Library\PackageCache\com.unity.modules.director@1.0.0)
    com.unity.modules.imageconversion@1.0.0 (location: C:\Users\hifzu\Downloads\Re9lay\Library\PackageCache\com.unity.modules.imageconversion@1.0.0)
    com.unity.modules.imgui@1.0.0 (location: C:\Users\hifzu\Downloads\Re9lay\Library\PackageCache\com.unity.modules.imgui@1.0.0)
    com.unity.modules.jsonserialize@1.0.0 (location: C:\Users\hifzu\Downloads\Re9lay\Library\PackageCache\com.unity.modules.jsonserialize@1.0.0)
    com.unity.modules.particlesystem@1.0.0 (location: C:\Users\hifzu\Downloads\Re9lay\Library\PackageCache\com.unity.modules.particlesystem@1.0.0)
    com.unity.modules.physics@1.0.0 (location: C:\Users\hifzu\Downloads\Re9lay\Library\PackageCache\com.unity.modules.physics@1.0.0)
    com.unity.modules.physics2d@1.0.0 (location: C:\Users\hifzu\Downloads\Re9lay\Library\PackageCache\com.unity.modules.physics2d@1.0.0)
    com.unity.modules.screencapture@1.0.0 (location: C:\Users\hifzu\Downloads\Re9lay\Library\PackageCache\com.unity.modules.screencapture@1.0.0)
    com.unity.modules.terrain@1.0.0 (location: C:\Users\hifzu\Downloads\Re9lay\Library\PackageCache\com.unity.modules.terrain@1.0.0)
    com.unity.modules.terrainphysics@1.0.0 (location: C:\Users\hifzu\Downloads\Re9lay\Library\PackageCache\com.unity.modules.terrainphysics@1.0.0)
    com.unity.modules.tilemap@1.0.0 (location: C:\Users\hifzu\Downloads\Re9lay\Library\PackageCache\com.unity.modules.tilemap@1.0.0)
    com.unity.modules.ui@1.0.0 (location: C:\Users\hifzu\Downloads\Re9lay\Library\PackageCache\com.unity.modules.ui@1.0.0)
    com.unity.modules.uielements@1.0.0 (location: C:\Users\hifzu\Downloads\Re9lay\Library\PackageCache\com.unity.modules.uielements@1.0.0)
    com.unity.modules.umbra@1.0.0 (location: C:\Users\hifzu\Downloads\Re9lay\Library\PackageCache\com.unity.modules.umbra@1.0.0)
    com.unity.modules.unityanalytics@1.0.0 (location: C:\Users\hifzu\Downloads\Re9lay\Library\PackageCache\com.unity.modules.unityanalytics@1.0.0)
    com.unity.modules.unitywebrequest@1.0.0 (location: C:\Users\hifzu\Downloads\Re9lay\Library\PackageCache\com.unity.modules.unitywebrequest@1.0.0)
    com.unity.modules.unitywebrequestassetbundle@1.0.0 (location: C:\Users\hifzu\Downloads\Re9lay\Library\PackageCache\com.unity.modules.unitywebrequestassetbundle@1.0.0)
    com.unity.modules.unitywebrequestaudio@1.0.0 (location: C:\Users\hifzu\Downloads\Re9lay\Library\PackageCache\com.unity.modules.unitywebrequestaudio@1.0.0)
    com.unity.modules.unitywebrequesttexture@1.0.0 (location: C:\Users\hifzu\Downloads\Re9lay\Library\PackageCache\com.unity.modules.unitywebrequesttexture@1.0.0)
    com.unity.modules.unitywebrequestwww@1.0.0 (location: C:\Users\hifzu\Downloads\Re9lay\Library\PackageCache\com.unity.modules.unitywebrequestwww@1.0.0)
    com.unity.modules.vehicles@1.0.0 (location: C:\Users\hifzu\Downloads\Re9lay\Library\PackageCache\com.unity.modules.vehicles@1.0.0)
    com.unity.modules.video@1.0.0 (location: C:\Users\hifzu\Downloads\Re9lay\Library\PackageCache\com.unity.modules.video@1.0.0)
    com.unity.modules.vr@1.0.0 (location: C:\Users\hifzu\Downloads\Re9lay\Library\PackageCache\com.unity.modules.vr@1.0.0)
    com.unity.modules.wind@1.0.0 (location: C:\Users\hifzu\Downloads\Re9lay\Library\PackageCache\com.unity.modules.wind@1.0.0)
    com.unity.modules.xr@1.0.0 (location: C:\Users\hifzu\Downloads\Re9lay\Library\PackageCache\com.unity.modules.xr@1.0.0)
    com.unity.modules.subsystems@1.0.0 (location: C:\Users\hifzu\Downloads\Re9lay\Library\PackageCache\com.unity.modules.subsystems@1.0.0)
  Git packages:
    com.coplaydev.unity-mcp@https://github.com/CoplayDev/unity-mcp.git?path=/MCPForUnity#main (location: C:\Users\hifzu\Downloads\Re9lay\Library\PackageCache\com.coplaydev.unity-mcp@4ce7dd3cc5)
[Package Manager] Deprecated packages found in project:
  com.unity.purchasing@4.11.0: Unity IAP 4 is unsupported as of June 8, 2026. IAP 5 is the supported version going forward.
[Subsystems] No new subsystems found in resolved package list.
Package Manager log level set to [2]
[Package Manager] Done registering packages in 0.37 seconds
Artifact Garbage Collection - Removed 2 unused hashed content files
[Licensing::Client] Successfully resolved entitlement details
Refreshing native plugins compatible for Editor in 33.55 ms, found 2 plugins.
Preloading 0 native plugins for Editor in 0.00 ms.
Initialize engine version: 2022.3.62f3 (96770f904ca7)
[Subsystems] Discovering subsystems at path C:/Program Files/Unity 2022.3.62f3/Editor/Data/Resources/UnitySubsystems
[Subsystems] Discovering subsystems at path C:/Users/hifzu/Downloads/Re9lay/Assets
GfxDevice: creating device client; threaded=0; jobified=0
Direct3D:
    Version:  Direct3D 11.0 [level 11.1]
    Renderer: Qualcomm(R) Adreno(TM) X1-45 GPU (ID=0x37314430)
    Vendor:   Qualcomm
    VRAM:     7991 MB
    Driver:   31.0.137.0
[Licensing::Client] Successfully resolved entitlement details
Initialize mono
Mono path[0] = 'C:/Program Files/Unity 2022.3.62f3/Editor/Data/Managed'
Mono path[1] = 'C:/Program Files/Unity 2022.3.62f3/Editor/Data/MonoBleedingEdge/lib/mono/unityjit-win32'
Mono config path = 'C:/Program Files/Unity 2022.3.62f3/Editor/Data/MonoBleedingEdge/etc'
Using monoOptions --debugger-agent=transport=dt_socket,embedding=1,server=y,suspend=n,address=127.0.0.1:56280
Using cacheserver namespaces - metadata:defaultmetadata, artifacts:defaultartifacts
Using cacheserver namespaces - metadata:defaultmetadata, artifacts:defaultartifacts
ImportWorker Server TCP listen port: 0
Begin MonoManager ReloadAssembly
Registering precompiled unity dll's ...
Register platform support module: C:/Program Files/Unity 2022.3.62f3/Editor/Data/PlaybackEngines/AndroidPlayer/UnityEditor.Android.Extensions.dll
Register platform support module: C:/Program Files/Unity 2022.3.62f3/Editor/Data/PlaybackEngines/WindowsStandaloneSupport/UnityEditor.WindowsStandalone.Extensions.dll
Registered in 0.020037 seconds.
- Loaded All Assemblies, in  1.604 seconds
Native extension for WindowsStandalone target not found
Native extension for Android target not found
Mono: successfully reloaded assembly
- Finished resetting the current domain, in  1.696 seconds
Domain Reload Profiling: 3300ms
	BeginReloadAssembly (539ms)
		ExecutionOrderSort (0ms)
		DisableScriptedObjects (0ms)
		BackupInstance (0ms)
		ReleaseScriptingObjects (0ms)
		CreateAndSetChildDomain (5ms)
	RebuildCommonClasses (227ms)
	RebuildNativeTypeToScriptingClass (71ms)
	initialDomainReloadingComplete (254ms)
	LoadAllAssembliesAndSetupDomain (511ms)
		LoadAssemblies (527ms)
		RebuildTransferFunctionScriptingTraits (0ms)
		AnalyzeDomain (502ms)
			TypeCache.Refresh (495ms)
				TypeCache.ScanAssembly (458ms)
			ScanForSourceGeneratedMonoScriptInfo (1ms)
			ResolveRequiredComponents (4ms)
	FinalizeReload (1699ms)
		ReleaseScriptCaches (0ms)
		RebuildScriptCaches (0ms)
		SetupLoadedEditorAssemblies (1440ms)
			LogAssemblyErrors (0ms)
			InitializePlatformSupportModulesInManaged (291ms)
			SetLoadedEditorAssemblies (26ms)
			RefreshPlugins (0ms)
			BeforeProcessingInitializeOnLoad (11ms)
			ProcessInitializeOnLoadAttributes (722ms)
			ProcessInitializeOnLoadMethodAttributes (388ms)
			AfterProcessingInitializeOnLoad (0ms)
			EditorAssembliesLoaded (1ms)
		ExecutionOrderSort2 (0ms)
		AwakeInstancesAfterBackupRestoration (0ms)
[Licensing::Client] Successfully resolved entitlement details
[Licensing::Client] Successfully resolved entitlement details
Application.AssetDatabase Initial Refresh Start
warn: Unity.AspNetCore.NamedPipeSupport.NamedPipeServer[0]
      Exception occured while accepting client connection: System.IO.IOException: The pipe is being closed.
         at System.IO.Pipes.NamedPipeServerStream.WaitForConnectionCoreAsync(CancellationToken cancellationToken)
         at System.IO.Pipes.NamedPipeServerStream.WaitForConnectionAsync(CancellationToken cancellationToken)
         at Unity.AspNetCore.NamedPipeSupport.NamedPipeServer.AcceptLoop(Boolean useNamedPipeMessageSemantic)
         at System.Runtime.CompilerServices.AsyncMethodBuilderCore.Start[TStateMachine](TStateMachine& stateMachine)
         at Unity.AspNetCore.NamedPipeSupport.NamedPipeServer.AcceptLoop(Boolean useNamedPipeMessageSemantic)
         at Unity.AspNetCore.NamedPipeSupport.NamedPipeServer..ctor(String pipeName, NamedPipeListenerOptions options, ILogger`1 logger)
         at Unity.AspNetCore.NamedPipeSupport.NamedPipeListener..ctor(NamedPipeEndpoint endpoint, ILoggerFactory loggerFactory, NamedPipeListenerOptions namedPipeListenerOptions)
         at Unity.AspNetCore.NamedPipeSupport.NamedPipeListenerFactory.BindAsync(EndPoint _, CancellationToken cancellationToken)
         at Microsoft.AspNetCore.Server.Kestrel.Core.Internal.Infrastructure.TransportManager.BindAsync(EndPoint endPoint, ConnectionDelegate connectionDelegate, EndpointConfig endpointConfig, CancellationToken cancellationToken)
         at System.Runtime.CompilerServices.AsyncMethodBuilderCore.Start[TStateMachine](TStateMachine& stateMachine)
         at Microsoft.AspNetCore.Server.Kestrel.Core.Internal.Infrastructure.TransportManager.BindAsync(EndPoint endPoint, ConnectionDelegate connectionDelegate, EndpointConfig endpointConfig, CancellationToken cancellationToken)
         at Microsoft.AspNetCore.Server.Kestrel.Core.KestrelServerImpl.<>c__DisplayClass30_0`1.<<StartAsync>g__OnBind|0>d.MoveNext()
         at System.Runtime.CompilerServices.AsyncMethodBuilderCore.Start[TStateMachine](TStateMachine& stateMachine)
         at Microsoft.AspNetCore.Server.Kestrel.Core.KestrelServerImpl.<>c__DisplayClass30_0`1.<StartAsync>g__OnBind|0(ListenOptions options, CancellationToken onBindCancellationToken)
         at Microsoft.AspNetCore.Server.Kestrel.Core.Internal.AddressBinder.BindEndpointAsync(ListenOptions endpoint, AddressBindContext context, CancellationToken cancellationToken)
         at System.Runtime.CompilerServices.AsyncMethodBuilderCore.Start[TStateMachine](TStateMachine& stateMachine)
         at Microsoft.AspNetCore.Server.Kestrel.Core.Internal.AddressBinder.BindEndpointAsync(ListenOptions endpoint, AddressBindContext context, CancellationToken cancellationToken)
         at Microsoft.AspNetCore.Server.Kestrel.Core.LocalhostListenOptions.BindAsync(AddressBindContext context, CancellationToken cancellationToken)
         at System.Runtime.CompilerServices.AsyncMethodBuilderCore.Start[TStateMachine](TStateMachine& stateMachine)
         at Microsoft.AspNetCore.Server.Kestrel.Core.LocalhostListenOptions.BindAsync(AddressBindContext context, CancellationToken cancellationToken)
         at Microsoft.AspNetCore.Server.Kestrel.Core.Internal.AddressBinder.EndpointsStrategy.BindAsync(AddressBindContext context, CancellationToken cancellationToken)
         at System.Runtime.CompilerServices.AsyncMethodBuilderCore.Start[TStateMachine](TStateMachine& stateMachine)
         at Microsoft.AspNetCore.Server.Kestrel.Core.Internal.AddressBinder.EndpointsStrategy.BindAsync(AddressBindContext context, CancellationToken cancellationToken)
         at Microsoft.AspNetCore.Server.Kestrel.Core.Internal.AddressBinder.BindAsync(IEnumerable`1 listenOptions, AddressBindContext context, CancellationToken cancellationToken)
         at System.Runtime.CompilerServices.AsyncMethodBuilderCore.Start[TStateMachine](TStateMachine& stateMachine)
         at Microsoft.AspNetCore.Server.Kestrel.Core.Internal.AddressBinder.BindAsync(IEnumerable`1 listenOptions, AddressBindContext context, CancellationToken cancellationToken)
         at Microsoft.AspNetCore.Server.Kestrel.Core.KestrelServerImpl.BindAsync(CancellationToken cancellationToken)
         at System.Runtime.CompilerServices.AsyncMethodBuilderCore.Start[TStateMachine](TStateMachine& stateMachine)
         at Microsoft.AspNetCore.Server.Kestrel.Core.KestrelServerImpl.BindAsync(CancellationToken cancellationToken)
         at Microsoft.AspNetCore.Server.Kestrel.Core.KestrelServerImpl.StartAsync[TContext](IHttpApplication`1 application, CancellationToken cancellationToken)
         at System.Runtime.CompilerServices.AsyncMethodBuilderCore.Start[TStateMachine](TStateMachine& stateMachine)
         at Microsoft.AspNetCore.Server.Kestrel.Core.KestrelServerImpl.StartAsync[TContext](IHttpApplication`1 application, CancellationToken cancellationToken)
         at Microsoft.AspNetCore.Hosting.GenericWebHostService.StartAsync(CancellationToken cancellationToken)
         at System.Runtime.CompilerServices.AsyncMethodBuilderCore.Start[TStateMachine](TStateMachine& stateMachine)
         at Microsoft.AspNetCore.Hosting.GenericWebHostService.StartAsync(CancellationToken cancellationToken)
         at Microsoft.Extensions.Hosting.Internal.Host.StartAsync(CancellationToken cancellationToken)
         at System.Runtime.CompilerServices.AsyncMethodBuilderCore.Start[TStateMachine](TStateMachine& stateMachine)
         at Microsoft.Extensions.Hosting.Internal.Host.StartAsync(CancellationToken cancellationToken)
         at Microsoft.AspNetCore.Builder.WebApplication.StartAsync(CancellationToken cancellationToken)
         at Microsoft.Extensions.Hosting.HostingAbstractionsHostExtensions.RunAsync(IHost host, CancellationToken token)
         at System.Runtime.CompilerServices.AsyncMethodBuilderCore.Start[TStateMachine](TStateMachine& stateMachine)
         at Microsoft.Extensions.Hosting.HostingAbstractionsHostExtensions.RunAsync(IHost host, CancellationToken token)
         at Microsoft.Extensions.Hosting.HostingAbstractionsHostExtensions.Run(IHost host)
         at Microsoft.AspNetCore.Builder.WebApplication.Run(String url)
         at Program.<Main>$(String[] args)
      --- End of stack trace from previous location ---
         at Unity.AspNetCore.NamedPipeSupport.NamedPipeServer.AcceptLoop(Boolean useNamedPipeMessageSemantic)
info: Microsoft.Hosting.Lifetime[14]
      Now listening on: http://localhost:80
info: Microsoft.Hosting.Lifetime[0]
      Application started. Press Ctrl+C to shut down.
info: Microsoft.Hosting.Lifetime[0]
      Hosting environment: Production
info: Microsoft.Hosting.Lifetime[0]
      Content root path: C:\Users\hifzu\Downloads\Re9lay\
info: Microsoft.AspNetCore.Hosting.Diagnostics[1]
      Request starting HTTP/2 POST http://ilpp/UnityILPP.PostProcessing/Ping application/grpc -
info: Microsoft.AspNetCore.Routing.EndpointMiddleware[0]
      Executing endpoint 'gRPC - /UnityILPP.PostProcessing/Ping'
info: Microsoft.AspNetCore.Routing.EndpointMiddleware[1]
      Executed endpoint 'gRPC - /UnityILPP.PostProcessing/Ping'
info: Microsoft.AspNetCore.Hosting.Diagnostics[2]
      Request finished HTTP/2 POST http://ilpp/UnityILPP.PostProcessing/Ping application/grpc - - 200 - application/grpc 228.5023ms
Starting: C:\Program Files\Unity 2022.3.62f3\Editor\Data\bee_backend.exe --ipc --defer-dag-verification --dagfile="Library/Bee/1300b0aE.dag" --continue-on-failure --profile="Library/Bee/backend1.traceevents" ScriptAssemblies
WorkingDir: C:/Users/hifzu/Downloads/Re9lay
DisplayProgressbar: Compiling Scripts
ExitCode: 4 Duration: 0s740ms
Rebuilding DAG because FileSignature timestamp changed: Library/Bee/1300b0aE-inputdata.json
*** Tundra requires additional run (0.52 seconds), 0 items updated, 645 evaluated
Starting: C:\Program Files\Unity 2022.3.62f3\Editor\Data\Tools\netcorerun\netcorerun.exe "C:\Program Files\Unity 2022.3.62f3\Editor\Data\Tools\BuildPipeline\ScriptCompilationBuildProgram.exe" "Library/Bee/1300b0aE.dag.json" "Library/Bee/1300b0aE-inputdata.json" "Library\Bee\buildprogram0.traceevents"
WorkingDir: C:/Users/hifzu/Downloads/Re9lay
ExitCode: 0 Duration: 2s284ms
Starting: C:\Program Files\Unity 2022.3.62f3\Editor\Data\bee_backend.exe --ipc --defer-dag-verification --dagfile="Library/Bee/1300b0aE.dag" --continue-on-failure --dagfilejson="Library\Bee\1300b0aE.dag.json" --profile="Library/Bee/backend2.traceevents" ScriptAssemblies
WorkingDir: C:/Users/hifzu/Downloads/Re9lay
ExitCode: 0 Duration: 0s303ms
Finished compiling graph: 648 nodes, 8850 flattened edges (7808 ToBuild, 124 ToUse), maximum node priority 506
*** Tundra build success (0.22 seconds), 0 items updated, 645 evaluated
AssetDatabase: script compilation time: 6.111817s
Begin MonoManager ReloadAssembly
Total cache size 265956520
Total cache size after purge 265956520
Symbol file LoadedFromMemory is not a mono symbol file
- Loaded All Assemblies, in  1.877 seconds
Refreshing native plugins compatible for Editor in 22.55 ms, found 2 plugins.
Preloading 0 native plugins for Editor in 0.00 ms.
Refreshing native plugins compatible for Editor in 13.05 ms, found 2 plugins.
Native extension for WindowsStandalone target not found
Native extension for Android target not found
Mono: successfully reloaded assembly
- Finished resetting the current domain, in  3.574 seconds
Domain Reload Profiling: 5448ms
	BeginReloadAssembly (394ms)
		ExecutionOrderSort (0ms)
		DisableScriptedObjects (18ms)
		BackupInstance (0ms)
		ReleaseScriptingObjects (0ms)
		CreateAndSetChildDomain (70ms)
	RebuildCommonClasses (86ms)
	RebuildNativeTypeToScriptingClass (19ms)
	initialDomainReloadingComplete (79ms)
	LoadAllAssembliesAndSetupDomain (1295ms)
		LoadAssemblies (815ms)
		RebuildTransferFunctionScriptingTraits (0ms)
		AnalyzeDomain (683ms)
			TypeCache.Refresh (601ms)
				TypeCache.ScanAssembly (526ms)
			ScanForSourceGeneratedMonoScriptInfo (69ms)
			ResolveRequiredComponents (10ms)
	FinalizeReload (3575ms)
		ReleaseScriptCaches (0ms)
		RebuildScriptCaches (0ms)
		SetupLoadedEditorAssemblies (3194ms)
			LogAssemblyErrors (0ms)
			InitializePlatformSupportModulesInManaged (61ms)
			SetLoadedEditorAssemblies (17ms)
			RefreshPlugins (0ms)
			BeforeProcessingInitializeOnLoad (259ms)
			ProcessInitializeOnLoadAttributes (2525ms)
			ProcessInitializeOnLoadMethodAttributes (323ms)
			AfterProcessingInitializeOnLoad (8ms)
			EditorAssembliesLoaded (1ms)
		ExecutionOrderSort2 (0ms)
		AwakeInstancesAfterBackupRestoration (14ms)
Asset Pipeline Refresh (id=4dc1b1096ba1c8e45b16a70c37fafce2): Total: 14.815 seconds - Initiated by InitialRefreshV2(ForceSynchronousImport)
	Summary:
		Imports: total=2 (actual=0, local cache=2, cache server=0)
		Asset DB Process Time: managed=0 ms, native=2933 ms
		Asset DB Callback time: managed=63 ms, native=1 ms
		Scripting: domain reloads=1, domain reload time=5599 ms, compile time=6127 ms, other=88 ms
		Project Asset Count: scripts=3659, non-scripts=1053
		Asset File Changes: new=0, changed=0, moved=0, deleted=0
		Scan Filter Count: 0
	InvokeBeforeRefreshCallbacks: 1.918ms
	ApplyChangesToAssetFolders: 0.201ms
	Scan: 228.794ms
	OnSourceAssetsModified: 0.006ms
	GetAllGuidsForCategorization: 1.880ms
	CategorizeAssets: 181.715ms
	ImportOutOfDateAssets: 3656.246ms (-2511.038ms without children)
		CompileScripts: 6127.138ms
		ReloadNativeAssets: 0.006ms
		UnloadImportedAssets: 35.590ms
		EnsureUptoDateAssetsAreRegisteredWithGuidPM: 3.049ms
		InitializingProgressBar: 0.002ms
		PostProcessAllAssetNotificationsAddChangedAssets: 0.004ms
		OnDemandSchedulerStart: 1.495ms
	PostProcessAllAssets: 63.212ms
	GatherAllCurrentPrimaryArtifactRevisions: 0.002ms
	UnloadStreamsBegin: 1.246ms
	PersistCurrentRevisions: 0.248ms
	UnloadStreamsEnd: 0.027ms
	GenerateScriptTypeHashes: 3.635ms
	Untracked: 10679.117ms
Application.AssetDatabase Initial Refresh End
Launched and connected shader compiler UnityShaderCompiler.exe after 0.11 seconds
Scanning for USB devices : 0.762ms
Initializing Unity extensions:
[Licensing::Client] Successfully resolved entitlement details
[MODES] ModeService[none].Initialize
[MODES] ModeService[none].LoadModes
[MODES] Loading mode Default (0) for mode-current-id-Re9lay
[PhysX] Initialized MultithreadedTaskDispatcher with 8 workers.
ProgressiveSceneManager::Cancel()
Unloading 3 Unused Serialized files (Serialized files now loaded: 0)
Unloading 77 unused Assets / (493.1 KB). Loaded Objects now: 3361.
Memory consumption went from 111.2 MB to 110.7 MB.
Total: 15.758600 ms (FindLiveObjects: 0.355000 ms CreateObjectMapping: 0.077700 ms MarkObjects: 14.658400 ms  DeleteObjects: 0.663400 ms)

[WindowsBuildScript] Starting Windows 64-bit Standalone Player Build...
UnityEngine.StackTraceUtility:ExtractStackTrace ()
UnityEngine.DebugLogHandler:LogFormat (UnityEngine.LogType,UnityEngine.Object,string,object[])
UnityEngine.Logger:Log (UnityEngine.LogType,object)
UnityEngine.Debug:Log (object)
WindowsBuildScript:PerformBuild () (at Assets/Editor/WindowsBuildScript.cs:29)

(Filename: Assets/Editor/WindowsBuildScript.cs Line: 29)

[ServicesCore]: To use Unity's dashboard services, you need to link your Unity project to a project ID. To do this, go to Project Settings to select your organization, select your project and then link a project ID. You also need to make sure your organization has access to the required products. Visit https://dashboard.unity3d.com to sign up.
UnityEngine.StackTraceUtility:ExtractStackTrace ()
UnityEngine.DebugLogHandler:LogFormat (UnityEngine.LogType,UnityEngine.Object,string,object[])
UnityEngine.Logger:LogWarning (string,object)
Unity.Services.Core.Internal.CoreLogger:LogWarning (object) (at ./Library/PackageCache/com.unity.services.core@1.14.0/Runtime/Core.Internal/Logging/CoreLogger.cs:15)
Unity.Services.Core.Editor.ProjectUnlinkBuildWarning:OnPreprocessBuild (UnityEditor.Build.Reporting.BuildReport) (at ./Library/PackageCache/com.unity.services.core@1.14.0/Editor/Core/Build/ProjectUnlinkBuildWarning.cs:29)
UnityEditor.Build.BuildPipelineInterfaces/<>c__DisplayClass16_0:<OnBuildPreProcess>b__1 (UnityEditor.Build.IPreprocessBuildWithReport)
UnityEditor.Build.BuildPipelineInterfaces:InvokeCallbackInterfacesPair<UnityEditor.Build.IPreprocessBuild, UnityEditor.Build.IPreprocessBuildWithReport> (System.Collections.Generic.List`1<UnityEditor.Build.IPreprocessBuild>,System.Action`1<UnityEditor.Build.IPreprocessBuild>,System.Collections.Generic.List`1<UnityEditor.Build.IPreprocessBuildWithReport>,System.Action`1<UnityEditor.Build.IPreprocessBuildWithReport>,bool)
UnityEditor.Build.BuildPipelineInterfaces:OnBuildPreProcess (UnityEditor.Build.Reporting.BuildReport)
UnityEditor.BuildPipeline:BuildPlayerInternal (string[],string,string,UnityEditor.BuildTargetGroup,UnityEditor.BuildTarget,int,UnityEditor.BuildOptions,string[])
UnityEditor.BuildPipeline:BuildPlayer (string[],string,string,UnityEditor.BuildTargetGroup,UnityEditor.BuildTarget,int,UnityEditor.BuildOptions,string[])
UnityEditor.BuildPipeline:BuildPlayer (UnityEditor.BuildPlayerOptions)
WindowsBuildScript:PerformBuild () (at Assets/Editor/WindowsBuildScript.cs:31)

(Filename: ./Library/PackageCache/com.unity.services.core@1.14.0/Editor/Core/Build/ProjectUnlinkBuildWarning.cs Line: 29)

Start importing ProjectSettings/UnityConnectSettings.asset using Guid(0000000000000000a100000000000000) Importer(-1,00000000000000000000000000000000) [PhysX] Initialized MultithreadedTaskDispatcher with 8 workers.
 -> (artifact id: '1002c991e88e1818b6f6038c1514bc41') in 0.018080 seconds
Refreshing native plugins compatible for Editor in 13.14 ms, found 2 plugins.
Preloading 0 native plugins for Editor in 0.00 ms.
Asset Pipeline Refresh (id=01dc9e35c5e172c41b2bdb9323abea90): Total: 0.212 seconds - Initiated by StopAssetImportingV2(NoUpdateAssetOptions)
info: Microsoft.AspNetCore.Hosting.Diagnostics[1]
      Request starting HTTP/2 POST http://ilpp/UnityILPP.PostProcessing/Ping application/grpc -
info: Microsoft.AspNetCore.Routing.EndpointMiddleware[0]
      Executing endpoint 'gRPC - /UnityILPP.PostProcessing/Ping'
info: Microsoft.AspNetCore.Routing.EndpointMiddleware[1]
      Executed endpoint 'gRPC - /UnityILPP.PostProcessing/Ping'
info: Microsoft.AspNetCore.Hosting.Diagnostics[2]
      Request finished HTTP/2 POST http://ilpp/UnityILPP.PostProcessing/Ping application/grpc - - 200 - application/grpc 15.0967ms
Starting: C:\Program Files\Unity 2022.3.62f3\Editor\Data\bee_backend.exe --ipc --defer-dag-verification --dagfile="Library/Bee/1300b0aESkipCompile.dag" --continue-on-failure --profile="Library/Bee/backend1.traceevents" ScriptAssembliesAndTypeDB
WorkingDir: C:/Users/hifzu/Downloads/Re9lay
ExitCode: 4 Duration: 0s140ms
[             ] Require frontend run.  Library/Bee/1300b0aESkipCompile.dag couldn't be loaded
Starting: C:\Program Files\Unity 2022.3.62f3\Editor\Data\Tools\netcorerun\netcorerun.exe "C:\Program Files\Unity 2022.3.62f3\Editor\Data\Tools\BuildPipeline\ScriptCompilationBuildProgram.exe" "Library/Bee/1300b0aESkipCompile.dag.json" "Library/Bee/1300b0aESkipCompile-inputdata.json" "Library\Bee\buildprogram0.traceevents"
WorkingDir: C:/Users/hifzu/Downloads/Re9lay
ExitCode: 0 Duration: 1s111ms
Starting: C:\Program Files\Unity 2022.3.62f3\Editor\Data\bee_backend.exe --ipc --defer-dag-verification --dagfile="Library/Bee/1300b0aESkipCompile.dag" --continue-on-failure --dagfilejson="Library\Bee\1300b0aESkipCompile.dag.json" --profile="Library/Bee/backend2.traceevents" ScriptAssembliesAndTypeDB
WorkingDir: C:/Users/hifzu/Downloads/Re9lay
ExitCode: 0 Duration: 2s911ms
Finished compiling graph: 4 nodes, 5 flattened edges (5 ToBuild, 0 ToUse), maximum node priority 3
[2/3        2s] BuildPlayerDataGenerator Library/BuildPlayerData/Editor/TypeDb-All.json
*** Tundra build success (2.83 seconds), 1 items updated, 3 evaluated
Asset Pipeline Refresh (id=71bffd6decb90154e81e0e90de2c3134): Total: 0.011 seconds - Initiated by RefreshV2(NoUpdateAssetOptions)
[ScriptCompilation] Requested script compilation because: Recompiling scripts for player build.
BuildPlayer: start building target 19
info: Microsoft.AspNetCore.Hosting.Diagnostics[1]
      Request starting HTTP/2 POST http://ilpp/UnityILPP.PostProcessing/Ping application/grpc -
info: Microsoft.AspNetCore.Routing.EndpointMiddleware[0]
      Executing endpoint 'gRPC - /UnityILPP.PostProcessing/Ping'
info: Microsoft.AspNetCore.Routing.EndpointMiddleware[1]
      Executed endpoint 'gRPC - /UnityILPP.PostProcessing/Ping'
info: Microsoft.AspNetCore.Hosting.Diagnostics[2]
      Request finished HTTP/2 POST http://ilpp/UnityILPP.PostProcessing/Ping application/grpc - - 200 - application/grpc 4.3995ms
Total cache size 265956520
Total cache size after purge 265956520
Starting: C:\Program Files\Unity 2022.3.62f3\Editor\Data\bee_backend.exe --ipc --defer-dag-verification --dagfile="Library/Bee/1900b0aP.dag" --continue-on-failure --profile="Library/Bee/backend1.traceevents" ScriptAssembliesAndTypeDB
WorkingDir: C:/Users/hifzu/Downloads/Re9lay
ExitCode: 4 Duration: 0s85ms
[             ] Require frontend run.  Library/Bee/1900b0aP.dag couldn't be loaded
Starting: C:\Program Files\Unity 2022.3.62f3\Editor\Data\Tools\netcorerun\netcorerun.exe "C:\Program Files\Unity 2022.3.62f3\Editor\Data\Tools\BuildPipeline\ScriptCompilationBuildProgram.exe" "Library/Bee/1900b0aP.dag.json" "Library/Bee/1900b0aP-inputdata.json" "Library\Bee\buildprogram0.traceevents"
WorkingDir: C:/Users/hifzu/Downloads/Re9lay
ExitCode: 0 Duration: 1s617ms
Starting: C:\Program Files\Unity 2022.3.62f3\Editor\Data\bee_backend.exe --ipc --defer-dag-verification --dagfile="Library/Bee/1900b0aP.dag" --continue-on-failure --dagfilejson="Library\Bee\1900b0aP.dag.json" --profile="Library/Bee/backend2.traceevents" ScriptAssembliesAndTypeDB
WorkingDir: C:/Users/hifzu/Downloads/Re9lay
ExitCode: 0 Duration: 1m:05s
Finished compiling graph: 386 nodes, 3819 flattened edges (3391 ToBuild, 72 ToUse), maximum node priority 256
[  1/385    1s] MovedFromExtractor Library/Bee/artifacts/mvdfrm/UnityEngine.dll_86B671FD267EAAC6.mvfrm
[  2/385    1s] MovedFromExtractor Library/Bee/artifacts/mvdfrm/UnityEngine.GameCenterModule.dll_0714147A440DD3F7.mvfrm
[  3/385    1s] MovedFromExtractor Library/Bee/artifacts/mvdfrm/UnityEngine.CrashReportingModule.dll_8F5BC49CE06FE997.mvfrm
[  4/385    1s] MovedFromExtractor Library/Bee/artifacts/mvdfrm/UnityEngine.DirectorModule.dll_2D3BD170D5E5BA7C.mvfrm
[  5/385    1s] MovedFromExtractor Library/Bee/artifacts/mvdfrm/UnityEngine.GIModule.dll_F98350D287E86162.mvfrm
[  6/385    1s] MovedFromExtractor Library/Bee/artifacts/mvdfrm/UnityEngine.DSPGraphModule.dll_328D32DA48468B9D.mvfrm
[  7/385    1s] MovedFromExtractor Library/Bee/artifacts/mvdfrm/UnityEngine.GridModule.dll_FA00C7DE7C835296.mvfrm
[  8/385    1s] MovedFromExtractor Library/Bee/artifacts/mvdfrm/UnityEngine.CoreModule.dll_1C8FABF0642EBC9F.mvfrm
[  9/385    1s] MovedFromExtractor Library/Bee/artifacts/mvdfrm/UnityEngine.HotReloadModule.dll_0E9B07B9C25C183A.mvfrm
[ 10/385    1s] MovedFromExtractor Library/Bee/artifacts/mvdfrm/UnityEngine.InputLegacyModule.dll_79D1D9C517B010D7.mvfrm
[ 11/385    1s] MovedFromExtractor Library/Bee/artifacts/mvdfrm/UnityEngine.ImageConversionModule.dll_11AB0DD6FEAB2805.mvfrm
[ 12/385    1s] MovedFromExtractor Library/Bee/artifacts/mvdfrm/UnityEngine.IMGUIModule.dll_401C9BF85312038B.mvfrm
[ 13/385    1s] MovedFromExtractor Library/Bee/artifacts/mvdfrm/UnityEngine.InputModule.dll_6E32C4420318944E.mvfrm
[ 14/385    1s] MovedFromExtractor Library/Bee/artifacts/mvdfrm/UnityEngine.LocalizationModule.dll_C3F4CFED52C67FE9.mvfrm
[ 15/385    1s] MovedFromExtractor Library/Bee/artifacts/mvdfrm/UnityEngine.JSONSerializeModule.dll_4D6F32D295D9731C.mvfrm
[ 16/385    1s] MovedFromExtractor Library/Bee/artifacts/mvdfrm/UnityEngine.ParticleSystemModule.dll_E26E0DE94E817525.mvfrm
[ 17/385    0s] MovedFromExtractor Library/Bee/artifacts/mvdfrm/UnityEngine.RuntimeInitializeOnLoadManagerInitializerModule.dll_31E7590AC8437F16.mvfrm
[ 18/385    0s] MovedFromExtractor Library/Bee/artifacts/mvdfrm/UnityEngine.ProfilerModule.dll_5F820AA76F3F4189.mvfrm
[ 19/385    0s] MovedFromExtractor Library/Bee/artifacts/mvdfrm/UnityEngine.PerformanceReportingModule.dll_7AF570AB03DCB05E.mvfrm
[ 20/385    0s] MovedFromExtractor Library/Bee/artifacts/mvdfrm/UnityEngine.PhysicsModule.dll_A9295A23128713BB.mvfrm
[ 21/385    0s] MovedFromExtractor Library/Bee/artifacts/mvdfrm/UnityEngine.PropertiesModule.dll_344F53B8B6F93833.mvfrm
[ 22/385    1s] MovedFromExtractor Library/Bee/artifacts/mvdfrm/UnityEngine.ScreenCaptureModule.dll_6756E057AA459F7E.mvfrm
[ 23/385    1s] MovedFromExtractor Library/Bee/artifacts/mvdfrm/UnityEngine.SharedInternalsModule.dll_95BC4CAC75D92355.mvfrm
[ 24/385    1s] MovedFromExtractor Library/Bee/artifacts/mvdfrm/UnityEngine.SpriteMaskModule.dll_F040870A657D6971.mvfrm
[ 25/385    0s] MovedFromExtractor Library/Bee/artifacts/mvdfrm/UnityEngine.SpriteShapeModule.dll_01EDEC01356092F0.mvfrm
[ 26/385    0s] MovedFromExtractor Library/Bee/artifacts/mvdfrm/UnityEngine.StreamingModule.dll_41E7370436B0B3F6.mvfrm
[ 27/385    0s] MovedFromExtractor Library/Bee/artifacts/mvdfrm/UnityEngine.SubstanceModule.dll_1E924B4D8203B204.mvfrm
[ 28/385    1s] MovedFromExtractor Library/Bee/artifacts/mvdfrm/UnityEngine.Physics2DModule.dll_D9F839A48825F44D.mvfrm
[ 29/385    1s] MovedFromExtractor Library/Bee/artifacts/mvdfrm/UnityEngine.SubsystemsModule.dll_5AEDED6C33C55184.mvfrm
[ 30/385    1s] MovedFromExtractor Library/Bee/artifacts/mvdfrm/UnityEngine.TerrainModule.dll_C36FD591E8455CA9.mvfrm
[ 31/385    1s] MovedFromExtractor Library/Bee/artifacts/mvdfrm/UnityEngine.TerrainPhysicsModule.dll_E2E8B6BC67C46FB2.mvfrm
[ 32/385    1s] MovedFromExtractor Library/Bee/artifacts/mvdfrm/UnityEngine.TextCoreFontEngineModule.dll_DF8DB5E31EF7AF3D.mvfrm
[ 33/385    1s] MovedFromExtractor Library/Bee/artifacts/mvdfrm/UnityEngine.TextRenderingModule.dll_90965262617D1F73.mvfrm
[ 34/385    1s] MovedFromExtractor Library/Bee/artifacts/mvdfrm/UnityEngine.TextCoreTextEngineModule.dll_2775EC54AE7B685B.mvfrm
[ 35/385    0s] MovedFromExtractor Library/Bee/artifacts/mvdfrm/UnityEngine.TLSModule.dll_51D9FE04F2697DCF.mvfrm
[ 36/385    1s] MovedFromExtractor Library/Bee/artifacts/mvdfrm/UnityEngine.TilemapModule.dll_626C3D1300023DB2.mvfrm
[ 37/385    1s] MovedFromExtractor Library/Bee/artifacts/mvdfrm/UnityEngine.UmbraModule.dll_8291A8AA1A071B1D.mvfrm
[ 38/385    1s] MovedFromExtractor Library/Bee/artifacts/mvdfrm/UnityEngine.UIModule.dll_5CBAA5F248807EF4.mvfrm
[ 39/385    1s] MovedFromExtractor Library/Bee/artifacts/mvdfrm/UnityEngine.UIElementsModule.dll_5F2C4ED436F18D7B.mvfrm
[ 40/385    0s] MovedFromExtractor Library/Bee/artifacts/mvdfrm/UnityEngine.UnityConnectModule.dll_F36B1494044ABAD5.mvfrm
[ 41/385    0s] MovedFromExtractor Library/Bee/artifacts/mvdfrm/UnityEngine.UnityAnalyticsCommonModule.dll_16342DEF1DC54EBC.mvfrm
[ 42/385    0s] MovedFromExtractor Library/Bee/artifacts/mvdfrm/UnityEngine.UnityCurlModule.dll_C06EEAE5573CEEA5.mvfrm
[ 43/385    1s] MovedFromExtractor Library/Bee/artifacts/mvdfrm/UnityEngine.UnityAnalyticsModule.dll_020D7EB2FAA8C721.mvfrm
[ 44/385    0s] MovedFromExtractor Library/Bee/artifacts/mvdfrm/UnityEngine.UnityTestProtocolModule.dll_D466D81304BB5593.mvfrm
[ 45/385    1s] MovedFromExtractor Library/Bee/artifacts/mvdfrm/UnityEngine.UnityWebRequestAssetBundleModule.dll_19D63CCDF73BDAB2.mvfrm
[ 46/385    1s] MovedFromExtractor Library/Bee/artifacts/mvdfrm/UnityEngine.UnityWebRequestAudioModule.dll_F2F1C4898A477AF6.mvfrm
[ 47/385    1s] MovedFromExtractor Library/Bee/artifacts/mvdfrm/UnityEngine.UnityWebRequestModule.dll_234A1581099FC284.mvfrm
[ 48/385    0s] MovedFromExtractor Library/Bee/artifacts/mvdfrm/UnityEngine.UnityWebRequestTextureModule.dll_B2FC8B881238AB8B.mvfrm
[ 49/385    1s] MovedFromExtractor Library/Bee/artifacts/mvdfrm/UnityEngine.UnityWebRequestWWWModule.dll_F23831B09E3B24C7.mvfrm
[ 50/385    1s] MovedFromExtractor Library/Bee/artifacts/mvdfrm/UnityEngine.VehiclesModule.dll_A4FECAF0500F8A17.mvfrm
[ 51/385    1s] MovedFromExtractor Library/Bee/artifacts/mvdfrm/UnityEngine.VFXModule.dll_D2B89673C8D6E73C.mvfrm
[ 52/385    1s] MovedFromExtractor Library/Bee/artifacts/mvdfrm/UnityEngine.VideoModule.dll_2CC680FC4F728B4F.mvfrm
[ 53/385    1s] MovedFromExtractor Library/Bee/artifacts/mvdfrm/UnityEngine.VRModule.dll_AF8CCC77EA3B046C.mvfrm
[ 54/385    1s] MovedFromExtractor Library/Bee/artifacts/mvdfrm/UnityEngine.WindModule.dll_92DE8718F5653B08.mvfrm
[ 55/385    1s] MovedFromExtractor Library/Bee/artifacts/mvdfrm/UnityEngine.XRModule.dll_E24B8F7C737551CA.mvfrm
[ 56/385    0s] MovedFromExtractor Library/Bee/artifacts/mvdfrm/UnityEngine.ContentLoadModule.dll_81A317E74E4102D3.mvfrm
[ 57/385    1s] MovedFromExtractor Library/Bee/artifacts/mvdfrm/UnityEngine.AccessibilityModule.dll_ED57A996969E1292.mvfrm
[ 58/385    0s] WriteText Library/Bee/artifacts/1900b0aP.dag/UnityEngine.UI.UnityAdditionalFile.txt
[ 59/385    0s] WriteText Library/Bee/artifacts/1900b0aP.dag/UnityEngine.UI.rsp2
[ 60/385    0s] WriteText Library/Bee/artifacts/1900b0aP.dag/UnityEngine.UI.dll.mvfrm.rsp
[ 61/385    0s] WriteText Library/Bee/artifacts/1900b0aP.dag/UnityEngine.UI.rsp
[ 62/385    0s] WriteText Library/Bee/artifacts/1900b0aP.dag/Unity.Services.Core.rsp2
[ 63/385    0s] WriteText Library/Bee/artifacts/1900b0aP.dag/Unity.Services.Core.UnityAdditionalFile.txt
[ 64/385    0s] WriteText Library/Bee/artifacts/1900b0aP.dag/Unity.Services.Core.dll.mvfrm.rsp
[ 65/385    0s] WriteText Library/Bee/artifacts/1900b0aP.dag/Unity.Services.Core.rsp
[ 66/385    0s] WriteText Library/Bee/artifacts/1900b0aP.dag/Unity.Services.Core.Internal.rsp2
[ 67/385    0s] WriteText Library/Bee/artifacts/1900b0aP.dag/Unity.Services.Core.Internal.UnityAdditionalFile.txt
[ 68/385    0s] WriteText Library/Bee/artifacts/1900b0aP.dag/Unity.Services.Core.Internal.dll.mvfrm.rsp
[ 69/385    0s] WriteText Library/Bee/artifacts/1900b0aP.dag/Unity.Services.Core.Internal.rsp
[ 70/385    0s] WriteText Library/Bee/artifacts/1900b0aP.dag/Purchasing.Common.UnityAdditionalFile.txt
[ 71/385    0s] WriteText Library/Bee/artifacts/1900b0aP.dag/Purchasing.Common.rsp2
[ 72/385    0s] WriteText Library/Bee/artifacts/1900b0aP.dag/Unity.Services.Core.Environments.UnityAdditionalFile.txt
[ 73/385    0s] WriteText Library/Bee/artifacts/1900b0aP.dag/Unity.Services.Core.Environments.rsp2
[ 74/385    0s] WriteText Library/Bee/artifacts/1900b0aP.dag/Purchasing.Common.dll.mvfrm.rsp
[ 75/385    0s] WriteText Library/Bee/artifacts/1900b0aP.dag/Purchasing.Common.rsp
[ 76/385    0s] WriteText Library/Bee/artifacts/1900b0aP.dag/UnityEngine.Purchasing.SecurityCore.UnityAdditionalFile.txt
[ 77/385    0s] WriteText Library/Bee/artifacts/1900b0aP.dag/Unity.Services.Core.Environments.dll.mvfrm.rsp
[ 78/385    0s] WriteText Library/Bee/artifacts/1900b0aP.dag/UnityEngine.Purchasing.SecurityCore.rsp2
[ 79/385    0s] WriteText Library/Bee/artifacts/1900b0aP.dag/Unity.Services.Analytics.rsp2
[ 80/385    0s] WriteText Library/Bee/artifacts/1900b0aP.dag/Unity.Services.Analytics.UnityAdditionalFile.txt
[ 81/385    0s] WriteText Library/Bee/artifacts/1900b0aP.dag/Unity.Services.Core.Environments.rsp
[ 82/385    0s] WriteText Library/Bee/artifacts/1900b0aP.dag/UnityEngine.Purchasing.AppleCore.UnityAdditionalFile.txt
[ 83/385    0s] WriteText Library/Bee/artifacts/1900b0aP.dag/UnityEngine.Purchasing.AppleCore.rsp2
[ 84/385    1s] MovedFromExtractor Library/Bee/artifacts/mvdfrm/UnityEngine.ClothModule.dll_6EA5598C66FD4E8E.mvfrm
[ 85/385    0s] WriteText Library/Bee/artifacts/1900b0aP.dag/Unity.Services.Analytics.dll.mvfrm.rsp
[ 86/385    0s] WriteText Library/Bee/artifacts/1900b0aP.dag/UnityEngine.Purchasing.SecurityCore.dll.mvfrm.rsp
[ 87/385    0s] WriteText Library/Bee/artifacts/1900b0aP.dag/UnityEngine.Purchasing.WinRTCore.rsp2
[ 88/385    0s] WriteText Library/Bee/artifacts/1900b0aP.dag/UnityEngine.Purchasing.WinRTCore.UnityAdditionalFile.txt
[ 89/385    0s] WriteText Library/Bee/artifacts/1900b0aP.dag/Unity.Services.Analytics.rsp
[ 90/385    0s] WriteText Library/Bee/artifacts/1900b0aP.dag/UnityEngine.Purchasing.AppleCore.dll.mvfrm.rsp
[ 91/385    0s] WriteText Library/Bee/artifacts/1900b0aP.dag/UnityEngine.Purchasing.SecurityCore.rsp
[ 92/385    0s] WriteText Library/Bee/artifacts/1900b0aP.dag/UnityEngine.Purchasing.AppleCore.rsp
[ 93/385    0s] WriteText Library/Bee/artifacts/1900b0aP.dag/UnityEngine.Purchasing.WinRTCore.dll.mvfrm.rsp
[ 94/385    0s] WriteText Library/Bee/artifacts/1900b0aP.dag/UnityEngine.Purchasing.WinRTCore.rsp
[ 95/385    0s] WriteText Library/Bee/artifacts/1900b0aP.dag/UnityEngine.Purchasing.rsp2
[ 96/385    0s] WriteText Library/Bee/artifacts/1900b0aP.dag/UnityEngine.Purchasing.UnityAdditionalFile.txt
[ 97/385    0s] WriteText Library/Bee/artifacts/1900b0aP.dag/UnityEngine.Purchasing.SecurityStub.rsp2
[ 98/385    0s] WriteText Library/Bee/artifacts/1900b0aP.dag/UnityEngine.Purchasing.SecurityStub.UnityAdditionalFile.txt
[ 99/385    0s] WriteText Library/Bee/artifacts/1900b0aP.dag/UnityEngine.Purchasing.dll.mvfrm.rsp
[100/385    0s] WriteText Library/Bee/artifacts/1900b0aP.dag/UnityEngine.Purchasing.WinRTStub.rsp2
[101/385    0s] WriteText Library/Bee/artifacts/1900b0aP.dag/UnityEngine.Purchasing.WinRTStub.UnityAdditionalFile.txt
[102/385    0s] WriteText Library/Bee/artifacts/1900b0aP.dag/UnityEngine.Purchasing.AppleStub.rsp2
[103/385    0s] WriteText Library/Bee/artifacts/1900b0aP.dag/UnityEngine.Purchasing.AppleStub.UnityAdditionalFile.txt
[104/385    0s] WriteText Library/Bee/artifacts/1900b0aP.dag/UnityEngine.Purchasing.AppleMacosStub.UnityAdditionalFile.txt
[105/385    0s] WriteText Library/Bee/artifacts/1900b0aP.dag/UnityEngine.Purchasing.AppleMacosStub.rsp2
[106/385    0s] WriteText Library/Bee/artifacts/1900b0aP.dag/UnityEngine.Purchasing.rsp
[107/385    0s] WriteText Library/Bee/artifacts/1900b0aP.dag/UnityEngine.Purchasing.AppleStub.dll.mvfrm.rsp
[108/385    0s] WriteText Library/Bee/artifacts/1900b0aP.dag/UnityEngine.Purchasing.WinRTStub.dll.mvfrm.rsp
[109/385    0s] WriteText Library/Bee/artifacts/1900b0aP.dag/UnityEngine.Purchasing.AppleMacosStub.dll.mvfrm.rsp
[110/385    0s] WriteText Library/Bee/artifacts/1900b0aP.dag/UnityEngine.Purchasing.SecurityStub.rsp
[111/385    0s] WriteText Library/Bee/artifacts/1900b0aP.dag/UnityEngine.Purchasing.AppleMacosStub.rsp
[112/385    0s] WriteText Library/Bee/artifacts/1900b0aP.dag/UnityEngine.Purchasing.AppleStub.rsp
[113/385    0s] WriteText Library/Bee/artifacts/1900b0aP.dag/UnityEngine.Purchasing.WinRTStub.rsp
[114/385    0s] WriteText Library/Bee/artifacts/1900b0aP.dag/UnityEngine.Purchasing.Stores.UnityAdditionalFile.txt
[115/385    0s] WriteText Library/Bee/artifacts/1900b0aP.dag/UnityEngine.Purchasing.Stores.rsp2
[116/385    0s] WriteText Library/Bee/artifacts/1900b0aP.dag/UnityEngine.SpatialTracking.rsp2
[117/385    0s] WriteText Library/Bee/artifacts/1900b0aP.dag/UnityEngine.SpatialTracking.UnityAdditionalFile.txt
[118/385    0s] WriteText Library/Bee/artifacts/1900b0aP.dag/UnityEngine.Purchasing.Stores.dll.mvfrm.rsp
[119/385    0s] WriteText Library/Bee/artifacts/1900b0aP.dag/UnityEngine.SpatialTracking.dll.mvfrm.rsp
[120/385    0s] WriteText Library/Bee/artifacts/1900b0aP.dag/UnityEngine.Purchasing.Stores.rsp
[121/385    0s] WriteText Library/Bee/artifacts/1900b0aP.dag/UnityEngine.SpatialTracking.rsp
[122/385    0s] WriteText Library/Bee/artifacts/1900b0aP.dag/Unity.Services.Core.Device.UnityAdditionalFile.txt
[123/385    0s] WriteText Library/Bee/artifacts/1900b0aP.dag/Unity.Services.Core.Configuration.UnityAdditionalFile.txt
[124/385    0s] WriteText Library/Bee/artifacts/1900b0aP.dag/Unity.TextMeshPro.UnityAdditionalFile.txt
[125/385    0s] WriteText Library/Bee/artifacts/1900b0aP.dag/Unity.Services.Core.Scheduler.rsp2
[126/385    0s] WriteText Library/Bee/artifacts/1900b0aP.dag/UnityEngine.Purchasing.Codeless.UnityAdditionalFile.txt
[127/385    0s] WriteText Library/Bee/artifacts/1900b0aP.dag/Unity.Services.Core.Telemetry.UnityAdditionalFile.txt
[128/385    0s] WriteText Library/Bee/artifacts/1900b0aP.dag/Unity.TextMeshPro.rsp2
[129/385    0s] WriteText Library/Bee/artifacts/1900b0aP.dag/Unity.Services.Core.Telemetry.rsp2
[130/385    0s] WriteText Library/Bee/artifacts/1900b0aP.dag/Unity.Timeline.UnityAdditionalFile.txt
[131/385    0s] WriteText Library/Bee/artifacts/1900b0aP.dag/Unity.Services.Core.Threading.UnityAdditionalFile.txt
[132/385    0s] WriteText Library/Bee/artifacts/1900b0aP.dag/Unity.Timeline.rsp2
[133/385    0s] WriteText Library/Bee/artifacts/1900b0aP.dag/Unity.Services.Core.Scheduler.UnityAdditionalFile.txt
[134/385    0s] WriteText Library/Bee/artifacts/1900b0aP.dag/Unity.Services.Core.Threading.rsp2
[135/385    0s] WriteText Library/Bee/artifacts/1900b0aP.dag/UnityEngine.Advertisements.UnityAdditionalFile.txt
[136/385    0s] WriteText Library/Bee/artifacts/1900b0aP.dag/Unity.Services.Core.Configuration.rsp2
[137/385    0s] WriteText Library/Bee/artifacts/1900b0aP.dag/Unity.AI.Navigation.UnityAdditionalFile.txt
[138/385    0s] WriteText Library/Bee/artifacts/1900b0aP.dag/UnityEngine.Advertisements.rsp2
[139/385    0s] WriteText Library/Bee/artifacts/1900b0aP.dag/Unity.AI.Navigation.rsp2
[140/385    0s] WriteText Library/Bee/artifacts/1900b0aP.dag/UnityEngine.Purchasing.Codeless.rsp2
[141/385    0s] WriteText Library/Bee/artifacts/1900b0aP.dag/Unity.Analytics.DataPrivacy.UnityAdditionalFile.txt
[142/385    0s] WriteText Library/Bee/artifacts/1900b0aP.dag/UnityEngine.XR.LegacyInputHelpers.UnityAdditionalFile.txt
[143/385    0s] WriteText Library/Bee/artifacts/1900b0aP.dag/Unity.Analytics.DataPrivacy.rsp2
[144/385    0s] WriteText Library/Bee/artifacts/1900b0aP.dag/UnityEngine.Purchasing.SecurityStub.dll.mvfrm.rsp
[145/385    0s] WriteText Library/Bee/artifacts/1900b0aP.dag/UnityEngine.XR.LegacyInputHelpers.rsp2
[146/385    0s] WriteText Library/Bee/artifacts/1900b0aP.dag/Unity.Services.Core.Analytics.UnityAdditionalFile.txt
[147/385    0s] WriteText Library/Bee/artifacts/1900b0aP.dag/Unity.Services.Core.Environments.Internal.rsp2
[148/385    0s] WriteText Library/Bee/artifacts/1900b0aP.dag/Unity.Services.Core.Analytics.rsp2
[149/385    0s] WriteText Library/Bee/artifacts/1900b0aP.dag/Unity.Services.Core.Environments.Internal.UnityAdditionalFile.txt
[150/385    0s] WriteText Library/Bee/artifacts/1900b0aP.dag/Unity.Services.Core.Components.UnityAdditionalFile.txt
[151/385    0s] WriteText Library/Bee/artifacts/1900b0aP.dag/Unity.Services.Core.Device.rsp2
[152/385    0s] WriteText Library/Bee/artifacts/1900b0aP.dag/Unity.Services.Core.Components.rsp2
[153/385    0s] WriteText Library/Bee/artifacts/1900b0aP.dag/Unity.Services.Core.Threading.dll.mvfrm.rsp
[154/385    0s] WriteText Library/Bee/artifacts/1900b0aP.dag/UnityEngine.Purchasing.Codeless.dll.mvfrm.rsp
[155/385    0s] WriteText Library/Bee/artifacts/1900b0aP.dag/Unity.Services.Core.Scheduler.dll.mvfrm.rsp
[156/385    0s] WriteText Library/Bee/artifacts/1900b0aP.dag/Unity.Timeline.dll.mvfrm.rsp
[157/385    0s] WriteText Library/Bee/artifacts/1900b0aP.dag/Unity.Services.Core.Telemetry.dll.mvfrm.rsp
[158/385    0s] WriteText Library/Bee/artifacts/1900b0aP.dag/UnityEngine.XR.LegacyInputHelpers.dll.mvfrm.rsp
[159/385    0s] WriteText Library/Bee/artifacts/1900b0aP.dag/Unity.Services.Core.Analytics.dll.mvfrm.rsp
[160/385    0s] WriteText Library/Bee/artifacts/1900b0aP.dag/Unity.Services.Core.Configuration.dll.mvfrm.rsp
[161/385    0s] WriteText Library/Bee/artifacts/1900b0aP.dag/Unity.AI.Navigation.dll.mvfrm.rsp
[162/385    0s] WriteText Library/Bee/artifacts/1900b0aP.dag/Unity.Analytics.DataPrivacy.dll.mvfrm.rsp
[163/385    0s] WriteText Library/Bee/artifacts/1900b0aP.dag/Unity.Services.Core.Environments.Internal.dll.mvfrm.rsp
[164/385    0s] WriteText Library/Bee/artifacts/1900b0aP.dag/Unity.TextMeshPro.dll.mvfrm.rsp
[165/385    0s] WriteText Library/Bee/artifacts/1900b0aP.dag/UnityEngine.Advertisements.dll.mvfrm.rsp
[166/385    0s] WriteText Library/Bee/artifacts/1900b0aP.dag/Unity.Services.Core.Device.dll.mvfrm.rsp
[167/385    0s] WriteText Library/Bee/artifacts/1900b0aP.dag/Unity.Services.Core.Components.dll.mvfrm.rsp
[168/385    0s] WriteText Library/Bee/artifacts/1900b0aP.dag/Unity.Services.Core.Scheduler.rsp
[169/385    0s] WriteText Library/Bee/artifacts/1900b0aP.dag/Unity.Services.Core.Telemetry.rsp
[170/385    0s] WriteText Library/Bee/artifacts/1900b0aP.dag/Unity.Services.Core.Threading.rsp
[171/385    0s] WriteText Library/Bee/artifacts/1900b0aP.dag/Unity.AI.Navigation.rsp
[172/385    0s] WriteText Library/Bee/artifacts/1900b0aP.dag/Unity.Analytics.DataPrivacy.rsp
[173/385    0s] WriteText Library/Bee/artifacts/1900b0aP.dag/Unity.Services.Core.Analytics.rsp
[174/385    0s] WriteText Library/Bee/artifacts/1900b0aP.dag/Unity.Services.Core.Configuration.rsp
[175/385    0s] WriteText Library/Bee/artifacts/1900b0aP.dag/Unity.Services.Core.Components.rsp
[176/385    0s] WriteText Library/Bee/artifacts/1900b0aP.dag/Unity.Services.Core.Environments.Internal.rsp
[177/385    0s] WriteText Library/Bee/artifacts/1900b0aP.dag/UnityEngine.XR.LegacyInputHelpers.rsp
[178/385    0s] WriteText Library/Bee/artifacts/1900b0aP.dag/UnityEngine.Purchasing.Codeless.rsp
[179/385    0s] WriteText Library/Bee/artifacts/1900b0aP.dag/UnityEngine.Advertisements.rsp
[180/385    0s] WriteText Library/Bee/artifacts/1900b0aP.dag/Unity.TextMeshPro.rsp
[181/385    0s] WriteText Library/Bee/artifacts/1900b0aP.dag/Unity.Services.Core.Device.rsp
[182/385    0s] WriteText Library/Bee/artifacts/1900b0aP.dag/Unity.Timeline.rsp
[183/385    0s] WriteText Library/Bee/artifacts/1900b0aP.dag/MCPForUnity.Runtime.UnityAdditionalFile.txt
[184/385    0s] WriteText Library/Bee/artifacts/1900b0aP.dag/MCPForUnity.Runtime.rsp2
[185/385    0s] WriteText Library/Bee/artifacts/1900b0aP.dag/MCPForUnity.Runtime.dll.mvfrm.rsp
[186/385    0s] WriteText Library/Bee/artifacts/1900b0aP.dag/MCPForUnity.Runtime.rsp
[187/385    0s] WriteText Library/Bee/artifacts/1900b0aP.dag/UnityEngine.TestRunner.dll.mvfrm.rsp
[188/385    0s] WriteText Library/Bee/artifacts/1900b0aP.dag/Assembly-CSharp.rsp2
[189/385    0s] WriteText Library/Bee/artifacts/1900b0aP.dag/Assembly-CSharp.dll.mvfrm.rsp
[190/385    0s] WriteText Library/Bee/artifacts/1900b0aP.dag/UnityEngine.TestRunner.rsp2
[191/385    0s] WriteText Library/Bee/artifacts/1900b0aP.dag/UnityEngine.TestRunner.UnityAdditionalFile.txt
[192/385    0s] WriteText Library/Bee/artifacts/1900b0aP.dag/Assembly-CSharp.UnityAdditionalFile.txt
[193/385    0s] WriteText Library/Bee/artifacts/1900b0aP.dag/Unity.Services.Core.Networking.UnityAdditionalFile.txt
[194/385    0s] WriteText Library/Bee/artifacts/1900b0aP.dag/Unity.Services.Core.Networking.rsp2
[195/385    0s] WriteText Library/Bee/artifacts/1900b0aP.dag/Unity.Services.Core.Registration.UnityAdditionalFile.txt
[196/385    0s] WriteText Library/Bee/artifacts/1900b0aP.dag/Unity.Services.Core.Networking.dll.mvfrm.rsp
[197/385    0s] WriteText Library/Bee/artifacts/1900b0aP.dag/Unity.Services.Core.Registration.dll.mvfrm.rsp
[198/385    0s] WriteText Library/Bee/artifacts/1900b0aP.dag/Unity.Services.Core.Registration.rsp2
[199/385    0s] WriteText Library/Bee/artifacts/1900b0aP.dag/Unity.Services.Core.Networking.rsp
[200/385    0s] WriteText Library/Bee/artifacts/1900b0aP.dag/Unity.Services.Core.Registration.rsp
[201/385    0s] WriteText Library/Bee/artifacts/1900b0aP.dag/UnityEngine.TestRunner.rsp
[202/385    0s] WriteText Library/Bee/artifacts/1900b0aP.dag/Assembly-CSharp.rsp
[203/385    1s] MovedFromExtractor Library/Bee/artifacts/mvdfrm/UnityEngine.AudioModule.dll_07BCFC918CE06FAA.mvfrm
[204/385    1s] MovedFromExtractor Library/Bee/artifacts/mvdfrm/UnityEngine.AssetBundleModule.dll_E88CBEA67FBE5AE6.mvfrm
[205/385    0s] MovedFromExtractor Library/Bee/artifacts/mvdfrm/UnityEngine.ARModule.dll_1AB9CCC84956D811.mvfrm
[206/385    0s] MovedFromExtractor Library/Bee/artifacts/mvdfrm/UnityEngine.AndroidJNIModule.dll_DCC6CA5F7DCCE306.mvfrm
[207/385    1s] MovedFromExtractor Library/Bee/artifacts/mvdfrm/UnityEngine.AnimationModule.dll_8D5249B3E728FCB8.mvfrm
[208/385    0s] MovedFromExtractor Library/Bee/artifacts/mvdfrm/UnityEngine.AIModule.dll_614707C4EC397948.mvfrm
[209/385    0s] MovedFromExtractorCombine Library/Bee/artifacts/1900b0aP.dag/UnityEngine.UI.dll.mvfrm
[210/385    0s] MovedFromExtractorCombine Library/Bee/artifacts/1900b0aP.dag/UnityEngine.TestRunner.dll.mvfrm
[BUSY       6s] Csc Library/Bee/artifacts/1900b0aP.dag/UnityEngine.UI.dll (+2 others)
[211/385    8s] Csc Library/Bee/artifacts/1900b0aP.dag/UnityEngine.TestRunner.dll (+2 others)
[           0s] Csc Library/Bee/artifacts/1900b0aP.dag/UnityEngine.TestRunner.dll (+2 others) [CacheWrite 00000000000000000000000000000003]
[212/385    0s] CopyFiles Library/Bee/PlayerScriptAssemblies/UnityEngine.TestRunner.pdb
[213/385    0s] CopyFiles Library/Bee/PlayerScriptAssemblies/UnityEngine.TestRunner.dll
[214/385    9s] Csc Library/Bee/artifacts/1900b0aP.dag/UnityEngine.UI.dll (+2 others)
[           0s] Csc Library/Bee/artifacts/1900b0aP.dag/UnityEngine.UI.dll (+2 others) [CacheWrite 00000000000000000000000000000003]
[215/385    0s] CopyFiles Library/Bee/PlayerScriptAssemblies/UnityEngine.UI.pdb
[216/385    0s] CopyFiles Library/Bee/PlayerScriptAssemblies/UnityEngine.UI.dll
[217/385    0s] MovedFromExtractor Library/Bee/artifacts/mvdfrm/UnityEngine.UI.ref.dll_FAE6DBEA21006BE5.mvfrm
[218/385    0s] MovedFromExtractorCombine Library/Bee/artifacts/1900b0aP.dag/UnityEngine.Purchasing.SecurityCore.dll.mvfrm
[219/385    0s] MovedFromExtractorCombine Library/Bee/artifacts/1900b0aP.dag/Unity.Analytics.DataPrivacy.dll.mvfrm
[220/385    0s] MovedFromExtractorCombine Library/Bee/artifacts/1900b0aP.dag/UnityEngine.SpatialTracking.dll.mvfrm
[221/385    0s] MovedFromExtractorCombine Library/Bee/artifacts/1900b0aP.dag/UnityEngine.Purchasing.AppleCore.dll.mvfrm
[222/385    0s] MovedFromExtractorCombine Library/Bee/artifacts/1900b0aP.dag/UnityEngine.Purchasing.WinRTCore.dll.mvfrm
[223/385    0s] MovedFromExtractorCombine Library/Bee/artifacts/1900b0aP.dag/Unity.Services.Core.dll.mvfrm
[224/385    0s] MovedFromExtractorCombine Library/Bee/artifacts/1900b0aP.dag/Unity.AI.Navigation.dll.mvfrm
[225/385    0s] MovedFromExtractorCombine Library/Bee/artifacts/1900b0aP.dag/Unity.TextMeshPro.dll.mvfrm
[226/385    0s] MovedFromExtractorCombine Library/Bee/artifacts/1900b0aP.dag/UnityEngine.Advertisements.dll.mvfrm
[227/385    0s] MovedFromExtractorCombine Library/Bee/artifacts/1900b0aP.dag/Unity.Timeline.dll.mvfrm
[228/385    3s] Csc Library/Bee/artifacts/1900b0aP.dag/UnityEngine.Purchasing.WinRTCore.dll (+2 others)
[229/385    3s] Csc Library/Bee/artifacts/1900b0aP.dag/UnityEngine.Purchasing.SecurityCore.dll (+2 others)
[           0s] Csc Library/Bee/artifacts/1900b0aP.dag/UnityEngine.Purchasing.WinRTCore.dll (+2 others) [CacheWrite 00000000000000000000000000000003]
[           0s] Csc Library/Bee/artifacts/1900b0aP.dag/UnityEngine.Purchasing.SecurityCore.dll (+2 others) [CacheWrite 00000000000000000000000000000003]
[230/385    0s] MovedFromExtractor Library/Bee/artifacts/mvdfrm/UnityEngine.Purchasing.SecurityCore.ref.dll_37D362000A37D944.mvfrm
[231/385    0s] MovedFromExtractor Library/Bee/artifacts/mvdfrm/UnityEngine.Purchasing.WinRTCore.ref.dll_3926B85E6E7BE05E.mvfrm
[232/385    4s] Csc Library/Bee/artifacts/1900b0aP.dag/UnityEngine.SpatialTracking.dll (+2 others)
[233/385    4s] Csc Library/Bee/artifacts/1900b0aP.dag/Unity.Services.Core.dll (+2 others)
[           0s] Csc Library/Bee/artifacts/1900b0aP.dag/UnityEngine.SpatialTracking.dll (+2 others) [CacheWrite 00000000000000000000000000000003]
[           0s] Csc Library/Bee/artifacts/1900b0aP.dag/Unity.Services.Core.dll (+2 others) [CacheWrite 00000000000000000000000000000003]
[234/385    0s] MovedFromExtractorCombine Library/Bee/artifacts/1900b0aP.dag/UnityEngine.Purchasing.WinRTStub.dll.mvfrm
[235/385    0s] MovedFromExtractorCombine Library/Bee/artifacts/1900b0aP.dag/UnityEngine.Purchasing.SecurityStub.dll.mvfrm
[236/385    4s] Csc Library/Bee/artifacts/1900b0aP.dag/Unity.AI.Navigation.dll (+2 others)
[237/385    0s] MovedFromExtractor Library/Bee/artifacts/mvdfrm/UnityEngine.SpatialTracking.ref.dll_2C547B3FC7BA6200.mvfrm
[238/385    0s] MovedFromExtractor Library/Bee/artifacts/mvdfrm/Unity.Services.Core.ref.dll_8733AE466239FA82.mvfrm
[           0s] Csc Library/Bee/artifacts/1900b0aP.dag/Unity.AI.Navigation.dll (+2 others) [CacheWrite 00000000000000000000000000000003]
[239/385    0s] MovedFromExtractorCombine Library/Bee/artifacts/1900b0aP.dag/Unity.Services.Core.Internal.dll.mvfrm
[240/385    0s] MovedFromExtractorCombine Library/Bee/artifacts/1900b0aP.dag/UnityEngine.XR.LegacyInputHelpers.dll.mvfrm
[241/385    0s] MovedFromExtractorCombine Library/Bee/artifacts/1900b0aP.dag/Unity.Services.Core.Analytics.dll.mvfrm
[242/385    5s] Csc Library/Bee/artifacts/1900b0aP.dag/UnityEngine.Advertisements.dll (+2 others)
[           0s] Csc Library/Bee/artifacts/1900b0aP.dag/UnityEngine.Advertisements.dll (+2 others) [CacheWrite 00000000000000000000000000000003]
[243/385    3s] Csc Library/Bee/artifacts/1900b0aP.dag/UnityEngine.Purchasing.WinRTStub.dll (+2 others)
[           0s] Csc Library/Bee/artifacts/1900b0aP.dag/UnityEngine.Purchasing.WinRTStub.dll (+2 others) [CacheWrite 00000000000000000000000000000003]
[244/385    4s] Csc Library/Bee/artifacts/1900b0aP.dag/UnityEngine.Purchasing.SecurityStub.dll (+2 others)
[           0s] Csc Library/Bee/artifacts/1900b0aP.dag/UnityEngine.Purchasing.SecurityStub.dll (+2 others) [CacheWrite 00000000000000000000000000000003]
[245/385    2s] Csc Library/Bee/artifacts/1900b0aP.dag/Unity.Services.Core.Analytics.dll (+2 others)
[           0s] Csc Library/Bee/artifacts/1900b0aP.dag/Unity.Services.Core.Analytics.dll (+2 others) [CacheWrite 00000000000000000000000000000003]
[246/385    2s] Csc Library/Bee/artifacts/1900b0aP.dag/Unity.Analytics.DataPrivacy.dll (+2 others)
[247/385    0s] MovedFromExtractor Library/Bee/artifacts/mvdfrm/UnityEngine.Purchasing.WinRTStub.ref.dll_844D7D5211E89B9D.mvfrm
[           0s] Csc Library/Bee/artifacts/1900b0aP.dag/Unity.Analytics.DataPrivacy.dll (+2 others) [CacheWrite 00000000000000000000000000000003]
[248/385    0s] MovedFromExtractor Library/Bee/artifacts/mvdfrm/UnityEngine.Purchasing.SecurityStub.ref.dll_82FA26F3ADA49483.mvfrm
[249/385    8s] Csc Library/Bee/artifacts/1900b0aP.dag/Unity.Timeline.dll (+2 others)
[250/385    3s] Csc Library/Bee/artifacts/1900b0aP.dag/UnityEngine.XR.LegacyInputHelpers.dll (+2 others)
[251/385    0s] MovedFromExtractorCombine Library/Bee/artifacts/1900b0aP.dag/MCPForUnity.Runtime.dll.mvfrm
[           0s] Csc Library/Bee/artifacts/1900b0aP.dag/UnityEngine.XR.LegacyInputHelpers.dll (+2 others) [CacheWrite 00000000000000000000000000000003]
[           0s] Csc Library/Bee/artifacts/1900b0aP.dag/Unity.Timeline.dll (+2 others) [CacheWrite 00000000000000000000000000000003]
[252/385    1s] MovedFromExtractor Library/Bee/artifacts/mvdfrm/Unity.Services.Core.Analytics.ref.dll_D88AC28E7AE24D0A.mvfrm
[253/385    1s] MovedFromExtractor Library/Bee/artifacts/mvdfrm/Unity.Analytics.DataPrivacy.ref.dll_CB4D93EC20F07CC9.mvfrm
[254/385    1s] MovedFromExtractor Library/Bee/artifacts/mvdfrm/UnityEngine.Advertisements.ref.dll_829A9F68D56B752F.mvfrm
[255/385    0s] CopyFiles Library/Bee/PlayerScriptAssemblies/UnityEngine.XR.LegacyInputHelpers.dll
[256/385    0s] CopyFiles Library/Bee/PlayerScriptAssemblies/Unity.Analytics.DataPrivacy.dll
[257/385    0s] CopyFiles Library/Bee/PlayerScriptAssemblies/Unity.Services.Core.Analytics.dll
[258/385    0s] CopyFiles Library/Bee/PlayerScriptAssemblies/UnityEngine.Purchasing.WinRTStub.dll
[259/385    0s] CopyFiles Library/Bee/PlayerScriptAssemblies/UnityEngine.Advertisements.dll
[260/385    0s] CopyFiles Library/Bee/PlayerScriptAssemblies/Unity.AI.Navigation.dll
[261/385    0s] CopyFiles Library/Bee/PlayerScriptAssemblies/Unity.Services.Core.dll
[262/385    0s] CopyFiles Library/Bee/PlayerScriptAssemblies/UnityEngine.SpatialTracking.dll
[263/385    0s] CopyFiles Library/Bee/PlayerScriptAssemblies/UnityEngine.Purchasing.WinRTCore.dll
[264/385    0s] CopyFiles Library/Bee/PlayerScriptAssemblies/UnityEngine.Purchasing.SecurityCore.dll
[265/385    0s] CopyFiles Library/Bee/PlayerScriptAssemblies/Unity.Timeline.pdb
[266/385    0s] CopyFiles Library/Bee/PlayerScriptAssemblies/UnityEngine.XR.LegacyInputHelpers.pdb
[267/385    0s] CopyFiles Library/Bee/PlayerScriptAssemblies/Unity.Analytics.DataPrivacy.pdb
[268/385    0s] CopyFiles Library/Bee/PlayerScriptAssemblies/Unity.Services.Core.Analytics.pdb
[269/385    0s] CopyFiles Library/Bee/PlayerScriptAssemblies/UnityEngine.Purchasing.SecurityStub.dll
[270/385    0s] CopyFiles Library/Bee/PlayerScriptAssemblies/UnityEngine.Purchasing.SecurityStub.pdb
[271/385    0s] CopyFiles Library/Bee/PlayerScriptAssemblies/UnityEngine.Purchasing.WinRTStub.pdb
[272/385    0s] CopyFiles Library/Bee/PlayerScriptAssemblies/UnityEngine.Advertisements.pdb
[273/385    0s] CopyFiles Library/Bee/PlayerScriptAssemblies/Unity.AI.Navigation.pdb
[274/385    0s] CopyFiles Library/Bee/PlayerScriptAssemblies/Unity.Services.Core.pdb
[275/385    0s] CopyFiles Library/Bee/PlayerScriptAssemblies/UnityEngine.SpatialTracking.pdb
[276/385    0s] CopyFiles Library/Bee/PlayerScriptAssemblies/UnityEngine.Purchasing.WinRTCore.pdb
[277/385    0s] CopyFiles Library/Bee/PlayerScriptAssemblies/UnityEngine.Purchasing.SecurityCore.pdb
[278/385    0s] MovedFromExtractor Library/Bee/artifacts/mvdfrm/Unity.AI.Navigation.ref.dll_B497EB86AC0F5A7D.mvfrm
[279/385    0s] MovedFromExtractor Library/Bee/artifacts/mvdfrm/UnityEngine.XR.LegacyInputHelpers.ref.dll_DAE36B275AEB308D.mvfrm
[280/385    1s] MovedFromExtractor Library/Bee/artifacts/mvdfrm/Unity.Timeline.ref.dll_54050F91DBE64E14.mvfrm
[281/385    0s] CopyFiles Library/Bee/PlayerScriptAssemblies/Unity.Timeline.dll
[282/385    5s] Csc Library/Bee/artifacts/1900b0aP.dag/Unity.Services.Core.Internal.dll (+2 others)
[           0s] Csc Library/Bee/artifacts/1900b0aP.dag/Unity.Services.Core.Internal.dll (+2 others) [CacheWrite 00000000000000000000000000000003]
[283/385    0s] CopyFiles Library/Bee/PlayerScriptAssemblies/Unity.Services.Core.Internal.pdb
[284/385    0s] CopyFiles Library/Bee/PlayerScriptAssemblies/Unity.Services.Core.Internal.dll
[285/385    0s] MovedFromExtractor Library/Bee/artifacts/mvdfrm/Unity.Services.Core.Internal.ref.dll_1A693ED936C5C9EF.mvfrm
[286/385    2s] Csc Library/Bee/artifacts/1900b0aP.dag/MCPForUnity.Runtime.dll (+2 others)
[287/385    0s] MovedFromExtractorCombine Library/Bee/artifacts/1900b0aP.dag/Unity.Services.Core.Telemetry.dll.mvfrm
[288/385    0s] MovedFromExtractorCombine Library/Bee/artifacts/1900b0aP.dag/Unity.Services.Core.Threading.dll.mvfrm
[289/385    0s] MovedFromExtractorCombine Library/Bee/artifacts/1900b0aP.dag/Unity.Services.Core.Scheduler.dll.mvfrm
[290/385    0s] MovedFromExtractorCombine Library/Bee/artifacts/1900b0aP.dag/Unity.Services.Analytics.dll.mvfrm
[291/385    0s] MovedFromExtractorCombine Library/Bee/artifacts/1900b0aP.dag/Unity.Services.Core.Environments.dll.mvfrm
[292/385    0s] MovedFromExtractorCombine Library/Bee/artifacts/1900b0aP.dag/Purchasing.Common.dll.mvfrm
[           0s] Csc Library/Bee/artifacts/1900b0aP.dag/MCPForUnity.Runtime.dll (+2 others) [CacheWrite 00000000000000000000000000000003]
[293/385    0s] MovedFromExtractorCombine Library/Bee/artifacts/1900b0aP.dag/Unity.Services.Core.Device.dll.mvfrm
[294/385    0s] MovedFromExtractorCombine Library/Bee/artifacts/1900b0aP.dag/Unity.Services.Core.Environments.Internal.dll.mvfrm
[295/385    0s] MovedFromExtractorCombine Library/Bee/artifacts/1900b0aP.dag/Unity.Services.Core.Configuration.dll.mvfrm
[296/385   13s] Csc Library/Bee/artifacts/1900b0aP.dag/Unity.TextMeshPro.dll (+2 others)
[           0s] Csc Library/Bee/artifacts/1900b0aP.dag/Unity.TextMeshPro.dll (+2 others) [CacheWrite 00000000000000000000000000000003]
[297/385    1s] Csc Library/Bee/artifacts/1900b0aP.dag/Unity.Services.Core.Environments.dll (+2 others)
[           0s] Csc Library/Bee/artifacts/1900b0aP.dag/Unity.Services.Core.Environments.dll (+2 others) [CacheWrite 00000000000000000000000000000003]
[298/385    2s] Csc Library/Bee/artifacts/1900b0aP.dag/Purchasing.Common.dll (+2 others)
[299/385    1s] Csc Library/Bee/artifacts/1900b0aP.dag/Unity.Services.Core.Environments.Internal.dll (+2 others)
[300/385    0s] MovedFromExtractor Library/Bee/artifacts/mvdfrm/Unity.Services.Core.Environments.ref.dll_29C0C4FBB515A292.mvfrm
[301/385    1s] Csc Library/Bee/artifacts/1900b0aP.dag/Unity.Services.Core.Device.dll (+2 others)
[302/385    2s] Csc Library/Bee/artifacts/1900b0aP.dag/Unity.Services.Core.Scheduler.dll (+2 others)
[           0s] Csc Library/Bee/artifacts/1900b0aP.dag/Unity.Services.Core.Environments.Internal.dll (+2 others) [CacheWrite 00000000000000000000000000000003]
[           0s] Csc Library/Bee/artifacts/1900b0aP.dag/Unity.Services.Core.Device.dll (+2 others) [CacheWrite 00000000000000000000000000000003]
[           0s] Csc Library/Bee/artifacts/1900b0aP.dag/Unity.Services.Core.Scheduler.dll (+2 others) [CacheWrite 00000000000000000000000000000003]
[           0s] Csc Library/Bee/artifacts/1900b0aP.dag/Purchasing.Common.dll (+2 others) [CacheWrite 00000000000000000000000000000003]
[303/385    2s] Csc Library/Bee/artifacts/1900b0aP.dag/Unity.Services.Core.Configuration.dll (+2 others)
[304/385    0s] MovedFromExtractorCombine Library/Bee/artifacts/1900b0aP.dag/Unity.Services.Core.Components.dll.mvfrm
[305/385    1s] Csc Library/Bee/artifacts/1900b0aP.dag/Unity.Services.Core.Threading.dll (+2 others)
[           0s] Csc Library/Bee/artifacts/1900b0aP.dag/Unity.Services.Core.Configuration.dll (+2 others) [CacheWrite 00000000000000000000000000000003]
[306/385    0s] MovedFromExtractor Library/Bee/artifacts/mvdfrm/Unity.Services.Core.Device.ref.dll_3CD85CC734C7BE58.mvfrm
[307/385    0s] MovedFromExtractor Library/Bee/artifacts/mvdfrm/Unity.Services.Core.Scheduler.ref.dll_D914549F49C3172F.mvfrm
[           0s] Csc Library/Bee/artifacts/1900b0aP.dag/Unity.Services.Core.Threading.dll (+2 others) [CacheWrite 00000000000000000000000000000003]
[308/385    3s] Csc Library/Bee/artifacts/1900b0aP.dag/Unity.Services.Analytics.dll (+2 others)
[           0s] Csc Library/Bee/artifacts/1900b0aP.dag/Unity.Services.Analytics.dll (+2 others) [CacheWrite 00000000000000000000000000000003]
[309/385    1s] MovedFromExtractor Library/Bee/artifacts/mvdfrm/Unity.Services.Core.Environments.Internal.ref.dll_2E2A6AA962BDD0DF.mvfrm
[310/385    1s] Csc Library/Bee/artifacts/1900b0aP.dag/Unity.Services.Core.Telemetry.dll (+2 others)
[311/385    1s] Csc Library/Bee/artifacts/1900b0aP.dag/UnityEngine.Purchasing.AppleCore.dll (+2 others)
[312/385    1s] MovedFromExtractor Library/Bee/artifacts/mvdfrm/Unity.TextMeshPro.ref.dll_B085F143991618E6.mvfrm
[313/385    0s] CopyFiles Library/Bee/PlayerScriptAssemblies/Unity.Services.Analytics.dll
[314/385    0s] CopyFiles Library/Bee/PlayerScriptAssemblies/Unity.Services.Core.Threading.dll
[315/385    0s] CopyFiles Library/Bee/PlayerScriptAssemblies/Unity.Services.Core.Configuration.dll
[316/385    0s] CopyFiles Library/Bee/PlayerScriptAssemblies/Purchasing.Common.dll
[317/385    0s] CopyFiles Library/Bee/PlayerScriptAssemblies/Unity.Services.Core.Scheduler.dll
[318/385    0s] CopyFiles Library/Bee/PlayerScriptAssemblies/Unity.Services.Core.Device.dll
[319/385    0s] CopyFiles Library/Bee/PlayerScriptAssemblies/Unity.Services.Core.Environments.Internal.dll
[320/385    0s] CopyFiles Library/Bee/PlayerScriptAssemblies/Unity.Services.Core.Environments.dll
[321/385    0s] CopyFiles Library/Bee/PlayerScriptAssemblies/Unity.TextMeshPro.dll
[322/385    0s] CopyFiles Library/Bee/PlayerScriptAssemblies/MCPForUnity.Runtime.dll
[323/385    0s] CopyFiles Library/Bee/PlayerScriptAssemblies/Unity.Services.Analytics.pdb
[324/385    0s] CopyFiles Library/Bee/PlayerScriptAssemblies/Unity.Services.Core.Threading.pdb
[325/385    0s] CopyFiles Library/Bee/PlayerScriptAssemblies/Unity.Services.Core.Configuration.pdb
[326/385    0s] CopyFiles Library/Bee/PlayerScriptAssemblies/Purchasing.Common.pdb
[327/385    0s] CopyFiles Library/Bee/PlayerScriptAssemblies/Unity.Services.Core.Scheduler.pdb
[328/385    0s] CopyFiles Library/Bee/PlayerScriptAssemblies/Unity.Services.Core.Device.pdb
[329/385    0s] CopyFiles Library/Bee/PlayerScriptAssemblies/Unity.Services.Core.Environments.Internal.pdb
[330/385    0s] CopyFiles Library/Bee/PlayerScriptAssemblies/Unity.Services.Core.Environments.pdb
[331/385    0s] CopyFiles Library/Bee/PlayerScriptAssemblies/Unity.TextMeshPro.pdb
[332/385    0s] CopyFiles Library/Bee/PlayerScriptAssemblies/MCPForUnity.Runtime.pdb
[333/385    1s] MovedFromExtractor Library/Bee/artifacts/mvdfrm/Unity.Services.Core.Threading.ref.dll_DCC0E3B061464C5C.mvfrm
[           0s] Csc Library/Bee/artifacts/1900b0aP.dag/Unity.Services.Core.Telemetry.dll (+2 others) [CacheWrite 00000000000000000000000000000003]
[334/385    0s] CopyFiles Library/Bee/PlayerScriptAssemblies/Unity.Services.Core.Telemetry.dll
[335/385    0s] CopyFiles Library/Bee/PlayerScriptAssemblies/Unity.Services.Core.Telemetry.pdb
[           0s] Csc Library/Bee/artifacts/1900b0aP.dag/UnityEngine.Purchasing.AppleCore.dll (+2 others) [CacheWrite 00000000000000000000000000000003]
[336/385    0s] CopyFiles Library/Bee/PlayerScriptAssemblies/UnityEngine.Purchasing.AppleCore.dll
[337/385    0s] CopyFiles Library/Bee/PlayerScriptAssemblies/UnityEngine.Purchasing.AppleCore.pdb
[338/385    0s] MovedFromExtractorCombine Library/Bee/artifacts/1900b0aP.dag/Unity.Services.Core.Networking.dll.mvfrm
[339/385    0s] MovedFromExtractor Library/Bee/artifacts/mvdfrm/Unity.Services.Analytics.ref.dll_EB4B42A2B9006E39.mvfrm
[340/385    1s] Csc Library/Bee/artifacts/1900b0aP.dag/Unity.Services.Core.Components.dll (+2 others)
[           0s] Csc Library/Bee/artifacts/1900b0aP.dag/Unity.Services.Core.Components.dll (+2 others) [CacheWrite 00000000000000000000000000000003]
[341/385    0s] CopyFiles Library/Bee/PlayerScriptAssemblies/Unity.Services.Core.Components.pdb
[342/385    0s] CopyFiles Library/Bee/PlayerScriptAssemblies/Unity.Services.Core.Components.dll
[343/385    0s] MovedFromExtractor Library/Bee/artifacts/mvdfrm/Unity.Services.Core.Telemetry.ref.dll_E5096D91E2B74B1D.mvfrm
[344/385    0s] MovedFromExtractor Library/Bee/artifacts/mvdfrm/UnityEngine.Purchasing.AppleCore.ref.dll_78FB62FF10AFE20A.mvfrm
[345/385    0s] MovedFromExtractorCombine Library/Bee/artifacts/1900b0aP.dag/UnityEngine.Purchasing.dll.mvfrm
[346/385    0s] MovedFromExtractorCombine Library/Bee/artifacts/1900b0aP.dag/UnityEngine.Purchasing.AppleMacosStub.dll.mvfrm
[347/385    0s] MovedFromExtractorCombine Library/Bee/artifacts/1900b0aP.dag/UnityEngine.Purchasing.AppleStub.dll.mvfrm
[348/385    0s] MovedFromExtractor Library/Bee/artifacts/mvdfrm/Unity.Services.Core.Components.ref.dll_5A0F28C95E66A668.mvfrm
[349/385    1s] Csc Library/Bee/artifacts/1900b0aP.dag/Unity.Services.Core.Networking.dll (+2 others)
[           0s] Csc Library/Bee/artifacts/1900b0aP.dag/Unity.Services.Core.Networking.dll (+2 others) [CacheWrite 00000000000000000000000000000003]
[350/385    0s] CopyFiles Library/Bee/PlayerScriptAssemblies/Unity.Services.Core.Networking.dll
[351/385    0s] CopyFiles Library/Bee/PlayerScriptAssemblies/Unity.Services.Core.Networking.pdb
[352/385    3s] MovedFromExtractor Library/Bee/artifacts/mvdfrm/Unity.Services.Core.Configuration.ref.dll_754C05830D7E747A.mvfrm
[353/385    0s] MovedFromExtractorCombine Library/Bee/artifacts/1900b0aP.dag/Unity.Services.Core.Registration.dll.mvfrm
[354/385    1s] Csc Library/Bee/artifacts/1900b0aP.dag/UnityEngine.Purchasing.AppleStub.dll (+2 others)
[355/385    1s] Csc Library/Bee/artifacts/1900b0aP.dag/UnityEngine.Purchasing.AppleMacosStub.dll (+2 others)
[           0s] Csc Library/Bee/artifacts/1900b0aP.dag/UnityEngine.Purchasing.AppleStub.dll (+2 others) [CacheWrite 00000000000000000000000000000003]
[           0s] Csc Library/Bee/artifacts/1900b0aP.dag/UnityEngine.Purchasing.AppleMacosStub.dll (+2 others) [CacheWrite 00000000000000000000000000000003]
[356/385    0s] CopyFiles Library/Bee/PlayerScriptAssemblies/UnityEngine.Purchasing.AppleStub.dll
[357/385    0s] CopyFiles Library/Bee/PlayerScriptAssemblies/UnityEngine.Purchasing.AppleStub.pdb
[358/385    0s] CopyFiles Library/Bee/PlayerScriptAssemblies/UnityEngine.Purchasing.AppleMacosStub.pdb
[359/385    0s] CopyFiles Library/Bee/PlayerScriptAssemblies/UnityEngine.Purchasing.AppleMacosStub.dll
[360/385    0s] MovedFromExtractor Library/Bee/artifacts/mvdfrm/UnityEngine.Purchasing.AppleMacosStub.ref.dll_572A02DBA316D81C.mvfrm
[361/385    0s] MovedFromExtractor Library/Bee/artifacts/mvdfrm/UnityEngine.Purchasing.AppleStub.ref.dll_C42227F2B41C9D49.mvfrm
[362/385    1s] Csc Library/Bee/artifacts/1900b0aP.dag/Unity.Services.Core.Registration.dll (+2 others)
[           0s] Csc Library/Bee/artifacts/1900b0aP.dag/Unity.Services.Core.Registration.dll (+2 others) [CacheWrite 00000000000000000000000000000003]
[363/385    0s] CopyFiles Library/Bee/PlayerScriptAssemblies/Unity.Services.Core.Registration.dll
[364/385    0s] CopyFiles Library/Bee/PlayerScriptAssemblies/Unity.Services.Core.Registration.pdb
[365/385    3s] Csc Library/Bee/artifacts/1900b0aP.dag/UnityEngine.Purchasing.dll (+2 others)
[           0s] Csc Library/Bee/artifacts/1900b0aP.dag/UnityEngine.Purchasing.dll (+2 others) [CacheWrite 00000000000000000000000000000003]
[366/385    0s] CopyFiles Library/Bee/PlayerScriptAssemblies/UnityEngine.Purchasing.pdb
[367/385    0s] CopyFiles Library/Bee/PlayerScriptAssemblies/UnityEngine.Purchasing.dll
[368/385    0s] MovedFromExtractor Library/Bee/artifacts/mvdfrm/UnityEngine.Purchasing.ref.dll_03C7ACED11CBE8AF.mvfrm
[369/385    0s] MovedFromExtractorCombine Library/Bee/artifacts/1900b0aP.dag/UnityEngine.Purchasing.Stores.dll.mvfrm
[370/385    5s] Csc Library/Bee/artifacts/1900b0aP.dag/UnityEngine.Purchasing.Stores.dll (+2 others)
[           0s] Csc Library/Bee/artifacts/1900b0aP.dag/UnityEngine.Purchasing.Stores.dll (+2 others) [CacheWrite 00000000000000000000000000000003]
[371/385    0s] CopyFiles Library/Bee/PlayerScriptAssemblies/UnityEngine.Purchasing.Stores.pdb
[372/385    0s] CopyFiles Library/Bee/PlayerScriptAssemblies/UnityEngine.Purchasing.Stores.dll
[373/385    0s] MovedFromExtractor Library/Bee/artifacts/mvdfrm/UnityEngine.Purchasing.Stores.ref.dll_BCC932A586FE2DF7.mvfrm
[374/385    0s] MovedFromExtractorCombine Library/Bee/artifacts/1900b0aP.dag/UnityEngine.Purchasing.Codeless.dll.mvfrm
[375/385    1s] Csc Library/Bee/artifacts/1900b0aP.dag/UnityEngine.Purchasing.Codeless.dll (+2 others)
[           0s] Csc Library/Bee/artifacts/1900b0aP.dag/UnityEngine.Purchasing.Codeless.dll (+2 others) [CacheWrite 00000000000000000000000000000003]
[376/385    0s] CopyFiles Library/Bee/PlayerScriptAssemblies/UnityEngine.Purchasing.Codeless.pdb
[377/385    0s] CopyFiles Library/Bee/PlayerScriptAssemblies/UnityEngine.Purchasing.Codeless.dll
[378/385    0s] MovedFromExtractor Library/Bee/artifacts/mvdfrm/UnityEngine.Purchasing.Codeless.ref.dll_F4E278E41B88977B.mvfrm
[379/385    0s] MovedFromExtractorCombine Library/Bee/artifacts/1900b0aP.dag/Assembly-CSharp.dll.mvfrm
[380/385    2s] Csc Library/Bee/artifacts/1900b0aP.dag/Assembly-CSharp.dll (+2 others)
Assets\Script\BluetoothInputManager.cs(65,18): warning CS0414: The field 'BluetoothInputManager.stopBTThread' is assigned but its value is never used
[381/385    0s] CopyFiles Library/Bee/PlayerScriptAssemblies/Assembly-CSharp.pdb
[382/385    0s] CopyFiles Library/Bee/PlayerScriptAssemblies/Assembly-CSharp.dll
[384/385    1s] BuildPlayerDataGenerator Library/BuildPlayerData/Player/RuntimeInitializeOnLoads.json (+1 other)
*** Tundra build success (65.37 seconds - 0:01:05), 383 items updated, 385 evaluated
Assets\Script\BluetoothInputManager.cs(65,18): warning CS0414: The field 'BluetoothInputManager.stopBTThread' is assigned but its value is never used
[Licensing::Client] Successfully resolved entitlement details
[Licensing::Client] Successfully resolved entitlement details
[Licensing::Client] Successfully resolved entitlement details
Start importing Packages/com.unity.device-simulator.devices/Editor/Devices/DeviceOverlays/Soony Xperia Z2 Tablet_Overlay.png using Guid(2046d430d87744c7288a178d1a9adff9) Importer(-1,00000000000000000000000000000000) [PhysX] Initialized MultithreadedTaskDispatcher with 8 workers.
Total cache size 269538836
Total cache size after purge 267881760
 -> (artifact id: 'e8ed2d7792cc287ba2111527767e59cd') in 0.186318 seconds
Start importing Assets/Sprites/Diamond_Trophy.png using Guid(40e1458d403231345b28f33edc95aed2) Importer(-1,00000000000000000000000000000000) [PhysX] Initialized MultithreadedTaskDispatcher with 8 workers.
 -> (artifact id: 'c3ae761d8dc117c215692e56e41bd8c1') in 0.047563 seconds
Start importing Packages/com.unity.device-simulator.devices/Editor/Devices/DeviceOverlays/LG G4_Overlay.png using Guid(70a812495be834150921b9e5f0524cc3) Importer(-1,00000000000000000000000000000000) [PhysX] Initialized MultithreadedTaskDispatcher with 8 workers.
 -> (artifact id: 'd2e4c3c455cabd4bbcf5059660d35b48') in 0.155264 seconds
Start importing Packages/com.unity.device-simulator.devices/Editor/Devices/DeviceOverlays/Samsung Galaxy Z Flip3 5G_Overlay.png using Guid(900fbd78a87e249dab2517b59f2c8a7f) Importer(-1,00000000000000000000000000000000) [PhysX] Initialized MultithreadedTaskDispatcher with 8 workers.
 -> (artifact id: '007bcc9e92db8f4566dd29f19e006afc') in 0.131842 seconds
Start importing Packages/com.unity.device-simulator.devices/Editor/Devices/DeviceOverlays/Xiaomi Mi A3_Overlay.png using Guid(c0a7775fb557e46e68a80ff76d7855e5) Importer(-1,00000000000000000000000000000000) [PhysX] Initialized MultithreadedTaskDispatcher with 8 workers.
 -> (artifact id: '8e8bd3c0e39cd8ff33b19d3e8aad8be2') in 0.103560 seconds
Start importing Assets/Resources/icon_foreground.png using Guid(41e0164704d81264b978c50656a839ee) Importer(-1,00000000000000000000000000000000) [PhysX] Initialized MultithreadedTaskDispatcher with 8 workers.
 -> (artifact id: 'd768182bca6a1f376fc07a7e356bd5ef') in 0.062897 seconds
Start importing Packages/com.unity.device-simulator.devices/Editor/Devices/DeviceOverlays/Apple iPhone 8_Overlay.png using Guid(5132d5b4707df409c8d6979b4f8b0f00) Importer(-1,00000000000000000000000000000000) [PhysX] Initialized MultithreadedTaskDispatcher with 8 workers.
 -> (artifact id: '0fa916e5fe2b22f897c3e2c24e6ce963') in 0.099430 seconds
Start importing Packages/com.unity.device-simulator.devices/Editor/Devices/DeviceOverlays/Motorola Moto G7 Power_Overlay.png using Guid(5167c51e956fe4868a7e623d5e29c482) Importer(-1,00000000000000000000000000000000) [PhysX] Initialized MultithreadedTaskDispatcher with 8 workers.
 -> (artifact id: '03d6602b3bddcfb55fd683c943fb265c') in 0.099753 seconds
Start importing Assets/Sprites/Gold_trophy.png using Guid(6130bc61a2e57244da7d68af3b9755e1) Importer(-1,00000000000000000000000000000000) [PhysX] Initialized MultithreadedTaskDispatcher with 8 workers.
 -> (artifact id: 'aca052752e17850ae02753418b3528a6') in 0.045648 seconds
Start importing Packages/com.unity.device-simulator.devices/Editor/Devices/DeviceOverlays/HTC 10_Overlay.png using Guid(7194e40d0c8644a02a2821689a7cac07) Importer(-1,00000000000000000000000000000000) [PhysX] Initialized MultithreadedTaskDispatcher with 8 workers.
 -> (artifact id: '69938ede83a0bfb3ccda4b4f313461d6') in 0.224113 seconds
Start importing Packages/com.unity.device-simulator.devices/Editor/Devices/DeviceOverlays/Xiaomi Redmi Note7_Overlay.png using Guid(71dc6b22beaef4baaae84f0564fe465c) Importer(-1,00000000000000000000000000000000) [PhysX] Initialized MultithreadedTaskDispatcher with 8 workers.
 -> (artifact id: '404666bae6566c657a0637a1aa18db34') in 0.128092 seconds
Start importing Packages/com.unity.device-simulator.devices/Editor/Devices/DeviceOverlays/Xiaomi Mi 5_Overlay.png using Guid(c16f8d324b4404defa62ab782f70e608) Importer(-1,00000000000000000000000000000000) [PhysX] Initialized MultithreadedTaskDispatcher with 8 workers.
 -> (artifact id: '68233468cf588d05c9b0469bb4ee26f1') in 0.127522 seconds
Start importing Packages/com.unity.device-simulator.devices/Editor/Devices/DeviceOverlays/Samsung Galaxy J7 (2017)_Overlay.png using Guid(d10d8b4413df24461a5b490404649b85) Importer(-1,00000000000000000000000000000000) [PhysX] Initialized MultithreadedTaskDispatcher with 8 workers.
 -> (artifact id: '3f708cf43d6cbe0677f9ff4cc7e3232e') in 0.123970 seconds
Start importing Packages/com.unity.device-simulator.devices/Editor/Devices/DeviceOverlays/Samsung Galaxy S9_Overlay.png using Guid(4267810b6229f4c369e545fdf0aa2381) Importer(-1,00000000000000000000000000000000) [PhysX] Initialized MultithreadedTaskDispatcher with 8 workers.
 -> (artifact id: 'bbf191de9aa8248163ae51a07a7c5822') in 0.171171 seconds
Start importing Packages/com.unity.device-simulator.devices/Editor/Devices/DeviceOverlays/Google Nexus 4_Overlay.png using Guid(e2e530d060cf246d18f0f60856cebb00) Importer(-1,00000000000000000000000000000000) [PhysX] Initialized MultithreadedTaskDispatcher with 8 workers.
 -> (artifact id: '880b08acf5d2d2a147e6ba8286e1c2df') in 0.105507 seconds
Start importing Packages/com.unity.device-simulator.devices/Editor/Devices/DeviceOverlays/Samsung Galaxy S10e_Overlay.png using Guid(237817d22f25643f3abe7dc70ba985df) Importer(-1,00000000000000000000000000000000) [PhysX] Initialized MultithreadedTaskDispatcher with 8 workers.
 -> (artifact id: '3181ef080e936fd83bbdeaa60e9aa785') in 0.122286 seconds
Start importing Packages/com.unity.device-simulator.devices/Editor/Devices/DeviceOverlays/OnePlus 7 Pro_Overlay.png using Guid(439115d5646544c0cbcea9748f18ed6d) Importer(-1,00000000000000000000000000000000) [PhysX] Initialized MultithreadedTaskDispatcher with 8 workers.
 -> (artifact id: 'fbbf86a630345ebfda5f034433db21ee') in 0.183090 seconds
Start importing Packages/com.unity.device-simulator.devices/Editor/Devices/DeviceOverlays/Google Pixel 3_Overlay.png using Guid(4307980e684d54cb8b053f4e5a337ea4) Importer(-1,00000000000000000000000000000000) [PhysX] Initialized MultithreadedTaskDispatcher with 8 workers.
 -> (artifact id: '44842d5e8d95352b25bc8d95b8c7cf23') in 0.126769 seconds
Start importing Assets/Sprites/spaceship.png using Guid(43c97c0da753f4e41b5259a1a942f61a) Importer(-1,00000000000000000000000000000000) [PhysX] Initialized MultithreadedTaskDispatcher with 8 workers.
 -> (artifact id: 'e30c8920ae8e50b621aae977a0e390ad') in 0.021757 seconds
Start importing Packages/com.unity.device-simulator.devices/Editor/Devices/DeviceOverlays/Apple iPhone 13 Pro Max_Overlay.png using Guid(7365461b598d4444796af5a6c0f0e292) Importer(-1,00000000000000000000000000000000) [PhysX] Initialized MultithreadedTaskDispatcher with 8 workers.
 -> (artifact id: '7b9f8067be765858dc91bb9c9fe8e051') in 0.166849 seconds
Start importing Packages/com.unity.device-simulator.devices/Editor/Devices/DeviceOverlays/Asus ROG Phone_Overlay.png using Guid(a3a736394315c469f84f8b12261bce94) Importer(-1,00000000000000000000000000000000) [PhysX] Initialized MultithreadedTaskDispatcher with 8 workers.
 -> (artifact id: 'd64a2d7e03875d431632bf27dfdf50ae') in 0.126125 seconds
Start importing Packages/com.unity.device-simulator.devices/Editor/Devices/DeviceOverlays/Apple iPad Pro 11_Overlay.png using Guid(d3519dd0c241141978d70a56e557753a) Importer(-1,00000000000000000000000000000000) [PhysX] Initialized MultithreadedTaskDispatcher with 8 workers.
 -> (artifact id: 'b46091f5ebf62ff56e2f011ad26595cc') in 0.158830 seconds
Start importing Packages/com.unity.device-simulator.devices/Editor/Devices/DeviceOverlays/Samsung Galaxy S5 Neo_Overlay.png using Guid(d365ae622f9924e358337fabcd327894) Importer(-1,00000000000000000000000000000000) [PhysX] Initialized MultithreadedTaskDispatcher with 8 workers.
 -> (artifact id: 'd74a5b1b77c12a33e73aaec6f8b3c758') in 0.135033 seconds
Start importing Assets/Sprites/Hand.png using Guid(b4b8bae661e9a4d409a3bbe1307b5528) Importer(-1,00000000000000000000000000000000) [PhysX] Initialized MultithreadedTaskDispatcher with 8 workers.
 -> (artifact id: '9a18073dd0390c0663f34df492d3d296') in 0.089461 seconds
Start importing Packages/com.unity.device-simulator.devices/Editor/Devices/DeviceOverlays/Xiaomi Redmi Note 3_Overlay.png using Guid(d495b6cb264314234bdafe3fa5420138) Importer(-1,00000000000000000000000000000000) [PhysX] Initialized MultithreadedTaskDispatcher with 8 workers.
 -> (artifact id: '6497d57eac12555dceb604a2f64e516f') in 0.122231 seconds
Start importing Assets/Sprites/fireshot.png using Guid(d45d4a82b71891c40a9a7725b654bd58) Importer(-1,00000000000000000000000000000000) [PhysX] Initialized MultithreadedTaskDispatcher with 8 workers.
 -> (artifact id: '680b972933322eb4901793f066813a3c') in 0.021206 seconds
Start importing Packages/com.unity.device-simulator.devices/Editor/Devices/DeviceOverlays/Samsung Galaxy S5 Mini_Overlay.png using Guid(05b8109e1c6e541968ebf73e04486d4e) Importer(-1,00000000000000000000000000000000) [PhysX] Initialized MultithreadedTaskDispatcher with 8 workers.
 -> (artifact id: '3ec86bc0e7b6e17f83f2f08089c7c36f') in 0.105002 seconds
Start importing Packages/com.unity.device-simulator.devices/Editor/Devices/DeviceOverlays/Xiaomi MI Note Pro_Overlay.png using Guid(45de6290d84c24619b879ab74fbd0887) Importer(-1,00000000000000000000000000000000) [PhysX] Initialized MultithreadedTaskDispatcher with 8 workers.
 -> (artifact id: '8063a06cb60dea23bb896f9ebc58116c') in 0.158243 seconds
Start importing Packages/com.unity.device-simulator.devices/Editor/Devices/DeviceOverlays/Samsung Galaxy S10+_Overlay.png using Guid(955ad435a42d242aa83e72cdc68616f2) Importer(-1,00000000000000000000000000000000) [PhysX] Initialized MultithreadedTaskDispatcher with 8 workers.
 -> (artifact id: 'ab6393b414f6c3fc6bea6142bd8fcdfe') in 0.159222 seconds
Start importing Assets/Sprites/bronze_trophy.png using Guid(a5655953ec8be714bbc4429180811ef6) Importer(-1,00000000000000000000000000000000) [PhysX] Initialized MultithreadedTaskDispatcher with 8 workers.
 -> (artifact id: '814e659764dc6a83588b8613e9fecd78') in 0.047755 seconds
Start importing Packages/com.unity.device-simulator.devices/Editor/Devices/DeviceOverlays/Samsung Galaxy Note20 Ultra 5G_Overlay.png using Guid(06124a325d53342a098428ea6f366bff) Importer(-1,00000000000000000000000000000000) [PhysX] Initialized MultithreadedTaskDispatcher with 8 workers.
 -> (artifact id: '88b6ce01782e8a4ccc7bf8c3cfbc70bf') in 0.165641 seconds
Start importing Packages/com.unity.device-simulator.devices/Editor/Devices/DeviceOverlays/Samsung Galaxy S8_Overlay.png using Guid(062565fd37ad7435085a295032a7a3b9) Importer(-1,00000000000000000000000000000000) [PhysX] Initialized MultithreadedTaskDispatcher with 8 workers.
 -> (artifact id: 'ca52655c11090b7abc49708e95290c13') in 0.173021 seconds
Start importing Assets/Resources/icon_round.png using Guid(063d904727e849d4fbb886456619c7ad) Importer(-1,00000000000000000000000000000000) [PhysX] Initialized MultithreadedTaskDispatcher with 8 workers.
 -> (artifact id: '9e3b295d18026885803475f57b82cf4f') in 0.072010 seconds
Start importing Packages/com.unity.device-simulator.devices/Editor/Devices/DeviceOverlays/Xiaomi Redmi 4_Overlay.png using Guid(16140f808edc44038b0ead1800ddcca5) Importer(-1,00000000000000000000000000000000) [PhysX] Initialized MultithreadedTaskDispatcher with 8 workers.
 -> (artifact id: '80153a93f27bc6ecfcdb8490d6cb8e9e') in 0.077294 seconds
Start importing Packages/com.unity.device-simulator.devices/Editor/Devices/DeviceOverlays/Apple iPad Air (4th generation)_Overlay.png using Guid(463ff3d2bc79a4e348e461c61cc041a3) Importer(-1,00000000000000000000000000000000) [PhysX] Initialized MultithreadedTaskDispatcher with 8 workers.
 -> (artifact id: 'f9db48261930da44144d4c8ef6e358dc') in 0.161783 seconds
Start importing Packages/com.unity.device-simulator.devices/Editor/Devices/DeviceOverlays/Samsung Galaxy Note9_Overlay.png using Guid(96adde0d08970497797cbd82f872dfda) Importer(-1,00000000000000000000000000000000) [PhysX] Initialized MultithreadedTaskDispatcher with 8 workers.
 -> (artifact id: 'a9bcc78dfe2ec1b457b177ad81f218ed') in 0.152715 seconds
Start importing Packages/com.unity.device-simulator.devices/Editor/Devices/DeviceOverlays/Huawei P40 Pro_Overlay.png using Guid(b6242b5acc21d4a25a94658b55453a29) Importer(-1,00000000000000000000000000000000) [PhysX] Initialized MultithreadedTaskDispatcher with 8 workers.
 -> (artifact id: '919ba6982ddd90a39647adb802a591b2') in 0.136773 seconds
Start importing Packages/com.unity.device-simulator.devices/Editor/Devices/DeviceOverlays/Apple iPhone 8 Plus_Overlay.png using Guid(d661a92e251a047559ebc4a35c8645f3) Importer(-1,00000000000000000000000000000000) [PhysX] Initialized MultithreadedTaskDispatcher with 8 workers.
 -> (artifact id: 'b4addde58f6f26a1f202a43b006f8ed1') in 0.125829 seconds
Start importing Packages/com.unity.device-simulator.devices/Editor/Devices/DeviceOverlays/LGE LG G3_Overlay.png using Guid(f611191be2a1e4a908a122842ae9d6e7) Importer(-1,00000000000000000000000000000000) [PhysX] Initialized MultithreadedTaskDispatcher with 8 workers.
 -> (artifact id: '23998d53377e8ea905b5e2b10a549702') in 0.151541 seconds
Start importing Assets/Resources/icon_background.png using Guid(171f889b5eaf48041adae7d23750b2f3) Importer(-1,00000000000000000000000000000000) [PhysX] Initialized MultithreadedTaskDispatcher with 8 workers.
 -> (artifact id: 'fce2a4def776f97f58f8e8e74b274e64') in 0.089027 seconds
Start importing Assets/Sprites/Pause_button.png using Guid(2720a9c4387effe439c3e72adcf64c24) Importer(-1,00000000000000000000000000000000) [PhysX] Initialized MultithreadedTaskDispatcher with 8 workers.
 -> (artifact id: '95029fa09b5dc90232682105e3f520bb') in 0.130887 seconds
Start importing Packages/com.unity.device-simulator.devices/Editor/Devices/DeviceOverlays/Samsung Galaxy S7_Overlay.png using Guid(273c834534f114f699adcbf4284dd265) Importer(-1,00000000000000000000000000000000) [PhysX] Initialized MultithreadedTaskDispatcher with 8 workers.
 -> (artifact id: '482ea8a8bc58c386655d8de918138d6f') in 0.183183 seconds
Start importing Packages/com.unity.device-simulator.devices/Editor/Devices/DeviceOverlays/Xiaomi MI MaX_Overlay.png using Guid(370af3aa0887e4281af45044448b57e0) Importer(-1,00000000000000000000000000000000) [PhysX] Initialized MultithreadedTaskDispatcher with 8 workers.
 -> (artifact id: '9b92dd8ff185fe8997232162c0d365a3') in 0.118854 seconds
Start importing Packages/com.unity.device-simulator.devices/Editor/Devices/DeviceOverlays/Lenovo Phab2 Pro_Overlay.png using Guid(77fd32b71c3604560b69dc45c4d11de6) Importer(-1,00000000000000000000000000000000) [PhysX] Initialized MultithreadedTaskDispatcher with 8 workers.
 -> (artifact id: '88f6e0da20658745e39c1b8877127f17') in 0.156060 seconds
Start importing Packages/com.unity.device-simulator.devices/Editor/Devices/DeviceOverlays/Apple iPad Pro 10.15_Overlay.png using Guid(b787db8022e524e38b5d625bbc3af9b8) Importer(-1,00000000000000000000000000000000) [PhysX] Initialized MultithreadedTaskDispatcher with 8 workers.
 -> (artifact id: 'f735c60938a97518013267eed5586f97') in 0.165563 seconds
Start importing Packages/com.unity.device-simulator.devices/Editor/Devices/DeviceOverlays/Apple iPhone 11_Overlay.png using Guid(f729e482cf55d401492d9c743e8ba5b6) Importer(-1,00000000000000000000000000000000) [PhysX] Initialized MultithreadedTaskDispatcher with 8 workers.
 -> (artifact id: '59ddc1272c9b27b1e82f0ad71d77d43b') in 0.172829 seconds
Start importing Assets/Sprites/explosionufo.png using Guid(28d0e13164b7cf34697e0b3847a87074) Importer(-1,00000000000000000000000000000000) [PhysX] Initialized MultithreadedTaskDispatcher with 8 workers.
 -> (artifact id: '42fae9f14e9ca19e9deadfae14f4876d') in 0.025250 seconds
Start importing Packages/com.unity.device-simulator.devices/Editor/Devices/DeviceOverlays/Apple iPhone 13 Pro_Overlay.png using Guid(b83324161be2e419c9803ad3bee1743b) Importer(-1,00000000000000000000000000000000) [PhysX] Initialized MultithreadedTaskDispatcher with 8 workers.
 -> (artifact id: '9dad11a114defd6fc561c410be37affd') in 0.229463 seconds
Start importing Packages/com.unity.device-simulator.devices/Editor/Devices/DeviceOverlays/Nvidia Shield Tablet_Overlay.png using Guid(d842ab63164e042b6881a2834557be45) Importer(-1,00000000000000000000000000000000) [PhysX] Initialized MultithreadedTaskDispatcher with 8 workers.
 -> (artifact id: '901a818d2e5cad78ac9ee1260db4ed4f') in 0.148339 seconds
Start importing Packages/com.unity.device-simulator.devices/Editor/Devices/DeviceOverlays/Xiaomi Redmi 6 Pro_Overlay.png using Guid(e8060c79cb3f0452eb88f19ba52b06ba) Importer(-1,00000000000000000000000000000000) [PhysX] Initialized MultithreadedTaskDispatcher with 8 workers.
 -> (artifact id: '069f44eb18451ad61a2e9a68cc947a47') in 0.261240 seconds
Start importing Packages/com.unity.device-simulator.devices/Editor/Devices/DeviceOverlays/Apple iPad Pro 12.9 (2018)_Overlay.png using Guid(7910135adbaf34a05999e23b1d22c7c1) Importer(-1,00000000000000000000000000000000) [PhysX] Initialized MultithreadedTaskDispatcher with 8 workers.
 -> (artifact id: '63daa9a0ec371d0a38efc60af634e95d') in 0.292891 seconds
Start importing Packages/com.unity.device-simulator.devices/Editor/Devices/DeviceOverlays/Google Pixel 2_Overlay.png using Guid(99920abe3d2f246b0b40c4af7bfc7bdf) Importer(-1,00000000000000000000000000000000) [PhysX] Initialized MultithreadedTaskDispatcher with 8 workers.
 -> (artifact id: '5b5a39b07208f7c9a8f24c646b044217') in 0.130480 seconds
Start importing Packages/com.unity.device-simulator.devices/Editor/Devices/DeviceOverlays/Apple iPhone 12 Pro Max_Overlay.png using Guid(99f647a9722924e0e8304095d6ad2b68) Importer(-1,00000000000000000000000000000000) [PhysX] Initialized MultithreadedTaskDispatcher with 8 workers.
 -> (artifact id: '747d12db743d5d42e9e9379e91f7e5e4') in 0.145759 seconds
Start importing Packages/com.unity.device-simulator.devices/Editor/Devices/DeviceOverlays/OnePlus 6T_Overlay.png using Guid(997c426cacf98423db26a760b2e903a7) Importer(-1,00000000000000000000000000000000) [PhysX] Initialized MultithreadedTaskDispatcher with 8 workers.
 -> (artifact id: '94f993a9ef016df1110adff3430641b4') in 0.126788 seconds
Start importing Packages/com.unity.device-simulator.devices/Editor/Devices/DeviceOverlays/Soony Xperia XZ Premium_Overlay.png using Guid(e90955eb8698e43419be2632c7a67a86) Importer(-1,00000000000000000000000000000000) [PhysX] Initialized MultithreadedTaskDispatcher with 8 workers.
 -> (artifact id: '3b0ba10c2527b7f935412e3ae98fb697') in 0.125111 seconds
Start importing Packages/com.unity.device-simulator.devices/Editor/Devices/DeviceOverlays/Samsung Galaxy Z Fold2 5G_1_Overlay.png using Guid(1aa81965b6ea24e14bef2ab768b212c1) Importer(-1,00000000000000000000000000000000) [PhysX] Initialized MultithreadedTaskDispatcher with 8 workers.
 -> (artifact id: 'fd2dfce3900f98dd42eaa5224ca519ca') in 0.126743 seconds
Start importing Packages/com.unity.device-simulator.devices/Editor/Devices/DeviceOverlays/Samsung Galaxy Note10_Overlay.png using Guid(2a8eeb6fb112646aeaa50659c246f796) Importer(-1,00000000000000000000000000000000) [PhysX] Initialized MultithreadedTaskDispatcher with 8 workers.
 -> (artifact id: 'ac6a0915f3cc985734278d1c93ef9190') in 0.112794 seconds
Start importing Packages/com.unity.device-simulator.devices/Editor/Devices/DeviceOverlays/Apple iPhone 12 mini_Overlay.png using Guid(4a3d1e023e27b4fea97084ab69aa0c4d) Importer(-1,00000000000000000000000000000000) [PhysX] Initialized MultithreadedTaskDispatcher with 8 workers.
 -> (artifact id: '155bac01bfd50642ba4b390f784e8a00') in 0.128378 seconds
Start importing Packages/com.unity.device-simulator.devices/Editor/Devices/DeviceOverlays/HTC One M9_Overlay.png using Guid(4abd0fc05f3664f5b893989c5286bd95) Importer(-1,00000000000000000000000000000000) [PhysX] Initialized MultithreadedTaskDispatcher with 8 workers.
 -> (artifact id: 'e644372f156dd69473db99a507da74c2') in 0.126373 seconds
Start importing Packages/com.unity.device-simulator.devices/Editor/Devices/DeviceOverlays/Apple iPod Touch 7th Gen_Overlay.png using Guid(6a06bf94b0946452db0390b612c4a335) Importer(-1,00000000000000000000000000000000) [PhysX] Initialized MultithreadedTaskDispatcher with 8 workers.
 -> (artifact id: '7e236e39d1cbb0eaa0b9541887013b74') in 0.065663 seconds
Start importing Packages/com.unity.device-simulator.devices/Editor/Devices/DeviceOverlays/LG Nexus 5_Overlay.png using Guid(9a5bea3fcfd6f443d9e833b5e3aef737) Importer(-1,00000000000000000000000000000000) [PhysX] Initialized MultithreadedTaskDispatcher with 8 workers.
 -> (artifact id: '6c1816a5d63e5d5a9ccbf3d9e3c4fc72') in 0.118070 seconds
Start importing Assets/Sprites/space_background.png using Guid(8b9de90c1f10c694ab74037f16d7bdb8) Importer(-1,00000000000000000000000000000000) [PhysX] Initialized MultithreadedTaskDispatcher with 8 workers.
 -> (artifact id: '7502e7205609066d19a828b25fb034c5') in 0.019439 seconds
Start importing Packages/com.unity.device-simulator.devices/Editor/Devices/DeviceOverlays/Apple iPhone 12_Overlay.png using Guid(8bddd8be582b14037ad9cf4a8e07ed9d) Importer(-1,00000000000000000000000000000000) [PhysX] Initialized MultithreadedTaskDispatcher with 8 workers.
 -> (artifact id: '1bac198106d6da2f3d9f3644d118fad1') in 0.129897 seconds
Start importing Packages/com.unity.device-simulator.devices/Editor/Devices/DeviceOverlays/Xiaomi Mi 4i_Overlay.png using Guid(cb221f1d7509b457197cbc6666fc6361) Importer(-1,00000000000000000000000000000000) [PhysX] Initialized MultithreadedTaskDispatcher with 8 workers.
 -> (artifact id: '3c48c2eae1f94118e71023e31edc3020') in 0.120653 seconds
Start importing Packages/com.unity.device-simulator.devices/Editor/Devices/DeviceOverlays/Samsung Galaxy Note10+ 5G_Overlay.png using Guid(0c7a6e2f11c4f406c810ef56f2a5d77b) Importer(-1,00000000000000000000000000000000) [PhysX] Initialized MultithreadedTaskDispatcher with 8 workers.
 -> (artifact id: 'fb16b07d6905e7cb4cbd1debd6492ae7') in 0.162706 seconds
Start importing Packages/com.unity.device-simulator.devices/Editor/Devices/DeviceOverlays/Google Pixel 4_Overlay.png using Guid(4ca40c36e99d74826a4e6a8c5648d181) Importer(-1,00000000000000000000000000000000) [PhysX] Initialized MultithreadedTaskDispatcher with 8 workers.
 -> (artifact id: '01135071dd9a36b552f68b68513fad6d') in 0.127609 seconds
Start importing Packages/com.unity.device-simulator.devices/Editor/Devices/DeviceOverlays/Motorola Nexus 6_Overlay.png using Guid(ac101db1189424f87a08e295ba91a1be) Importer(-1,00000000000000000000000000000000) [PhysX] Initialized MultithreadedTaskDispatcher with 8 workers.
 -> (artifact id: '901bc3ba776b641b8ba7698271dd8c1f') in 0.157154 seconds
Start importing Packages/com.unity.device-simulator.devices/Editor/Devices/DeviceOverlays/Samsung Galaxy Note8_Overlay.png using Guid(cc5875dc610004890904b776d94b25d7) Importer(-1,00000000000000000000000000000000) [PhysX] Initialized MultithreadedTaskDispatcher with 8 workers.
 -> (artifact id: '340ff0cd49f50102eef87e68082c3e16') in 0.158554 seconds
Start importing Packages/com.unity.device-simulator.devices/Editor/Devices/DeviceOverlays/Apple iPad Mini 4_Overlay.png using Guid(dc01943e575a845289035ea526899063) Importer(-1,00000000000000000000000000000000) [PhysX] Initialized MultithreadedTaskDispatcher with 8 workers.
 -> (artifact id: 'f4a79fb6f5f2453c6f181b0a0e569313') in 0.161503 seconds
Start importing Packages/com.unity.device-simulator.devices/Editor/Devices/DeviceOverlays/Google Pixel 2 XL_Overlay.png using Guid(ec6aef778a2714878b7df6ae260c1dba) Importer(-1,00000000000000000000000000000000) [PhysX] Initialized MultithreadedTaskDispatcher with 8 workers.
 -> (artifact id: 'cd70fd760e38902ffdb37e0d9ba7c09a') in 0.164339 seconds
Start importing Packages/com.unity.device-simulator.devices/Editor/Devices/DeviceOverlays/Huawei P9_Overlay.png using Guid(fc948800c3ec84a6f9ccf1edb7303685) Importer(-1,00000000000000000000000000000000) [PhysX] Initialized MultithreadedTaskDispatcher with 8 workers.
 -> (artifact id: 'aaf70a69da6742904249dede66d30d88') in 0.126798 seconds
Start importing Assets/Sprites/idleufo.png using Guid(2d10ea513c209a045a785f071df0a20e) Importer(-1,00000000000000000000000000000000) [PhysX] Initialized MultithreadedTaskDispatcher with 8 workers.
 -> (artifact id: '9657891875a9a86e9eacf454439ba1be') in 0.017857 seconds
Start importing Packages/com.unity.device-simulator.devices/Editor/Devices/DeviceOverlays/Razer Phone_Overlay.png using Guid(8d0f4f2cf491c4db9ab88910d70080eb) Importer(-1,00000000000000000000000000000000) [PhysX] Initialized MultithreadedTaskDispatcher with 8 workers.
 -> (artifact id: 'c94ce58f282d3871d9e821baa5a460ce') in 0.157551 seconds
Start importing Packages/com.unity.device-simulator.devices/Editor/Devices/DeviceOverlays/Apple iPad (5th generation)_Overlay.png using Guid(bd62d2be241b443118167899e91a3fb9) Importer(-1,00000000000000000000000000000000) [PhysX] Initialized MultithreadedTaskDispatcher with 8 workers.
 -> (artifact id: '3e5598d62111865e74870384c000a41b') in 0.152144 seconds
Start importing Assets/Sprites/Silver_trophy.png using Guid(bdc33f202f4210249a0966525e1b6504) Importer(-1,00000000000000000000000000000000) [PhysX] Initialized MultithreadedTaskDispatcher with 8 workers.
 -> (artifact id: 'a0a901dd746be98d55324e36057a4769') in 0.051855 seconds
Start importing Packages/com.unity.device-simulator.devices/Editor/Devices/DeviceOverlays/Samsung Galaxy S10 5G_Overlay.png using Guid(2e6d4acfbe1c846b9ad8e09efb79888a) Importer(-1,00000000000000000000000000000000) [PhysX] Initialized MultithreadedTaskDispatcher with 8 workers.
 -> (artifact id: '136b41890ee0759f915f9b1f49929044') in 0.251396 seconds
Start importing Packages/com.unity.device-simulator.devices/Editor/Devices/DeviceOverlays/Apple iPhone XS Max_Overlay.png using Guid(3e0aa665e7163407c91fe5c3ba0f1b75) Importer(-1,00000000000000000000000000000000) [PhysX] Initialized MultithreadedTaskDispatcher with 8 workers.
 -> (artifact id: '7ac51618b99830d8c6abc397cf1f2974') in 0.136431 seconds
Start importing Packages/com.unity.device-simulator.devices/Editor/Devices/DeviceOverlays/Samsung Galaxy Z Fold2 5G_2_Overlay.png using Guid(4ec9861b5c38346c3a708eb80adc442c) Importer(-1,00000000000000000000000000000000) [PhysX] Initialized MultithreadedTaskDispatcher with 8 workers.
 -> (artifact id: '9ed3dc518700c8b71279ea62e39b51a9') in 0.200792 seconds
Start importing Packages/com.unity.device-simulator.devices/Editor/Devices/DeviceOverlays/Apple iPhone XS_Overlay.png using Guid(5efc8c1a987fc4617abbdf52867d5df5) Importer(-1,00000000000000000000000000000000) [PhysX] Initialized MultithreadedTaskDispatcher with 8 workers.
 -> (artifact id: 'f4d2cab4215be0dafe81789140209bd4') in 0.125648 seconds
Start importing Packages/com.unity.device-simulator.devices/Editor/Devices/DeviceOverlays/Motorola Moto E_Overlay.png using Guid(6e60d186f7f6845108f57f9861f5582c) Importer(-1,00000000000000000000000000000000) [PhysX] Initialized MultithreadedTaskDispatcher with 8 workers.
 -> (artifact id: 'e5baaaf18c1531ab266441ab8779494d') in 0.049975 seconds
Start importing Packages/com.unity.device-simulator.devices/Editor/Devices/DeviceOverlays/Google Pixel 5_Overlay.png using Guid(6e235d9abb4864f78b12260c5d2e2feb) Importer(-1,00000000000000000000000000000000) [PhysX] Initialized MultithreadedTaskDispatcher with 8 workers.
 -> (artifact id: '008e5234bab91208f82de874fb625956') in 0.120878 seconds
Start importing Assets/Resources/main_menu_logo.png using Guid(4f2fa52c01dbd074894be893e9bde29f) Importer(-1,00000000000000000000000000000000) [PhysX] Initialized MultithreadedTaskDispatcher with 8 workers.
 -> (artifact id: '238e6f8a41fceb44b11888d152a81ba9') in 0.139395 seconds
Start importing Packages/com.unity.device-simulator.devices/Editor/Devices/DeviceOverlays/vivo NEX 3 5G_Overlay.png using Guid(5f4f011d5a8e64913a54a00266580404) Importer(-1,00000000000000000000000000000000) [PhysX] Initialized MultithreadedTaskDispatcher with 8 workers.
 -> (artifact id: '14a6e8a7718aca7d5db86012e9c5396f') in 0.125026 seconds
Start importing Assets/Sprites/Platinum_trophy.png using Guid(8f95dbac938580b40b07aab30f5dc89d) Importer(-1,00000000000000000000000000000000) [PhysX] Initialized MultithreadedTaskDispatcher with 8 workers.
 -> (artifact id: '74f081b5b0aba237345e7294e70100cf') in 0.044194 seconds
Start importing Packages/com.unity.device-simulator.devices/Editor/Devices/DeviceOverlays/Apple iPad (7th gen)_Overlay.png using Guid(afbd419155bb54e7ea6ed1c1dcfb1918) Importer(-1,00000000000000000000000000000000) [PhysX] Initialized MultithreadedTaskDispatcher with 8 workers.
 -> (artifact id: '29debcb3f7212968da0ce08c7f6b4871') in 0.167007 seconds
Start importing Packages/com.unity.device-simulator.devices/Editor/Devices/DeviceOverlays/Google Pixel X_Overlay.png using Guid(ffcd6835a91184f0ebb7872620786860) Importer(-1,00000000000000000000000000000000) [PhysX] Initialized MultithreadedTaskDispatcher with 8 workers.
 -> (artifact id: '4959afc664dabd57d9bad0c1e9f21980') in 0.183523 seconds
Refreshing native plugins compatible for Editor in 21.78 ms, found 2 plugins.
Preloading 0 native plugins for Editor in 0.00 ms.
Asset Pipeline Refresh (id=01b1bbcc41ed83840af05f3cd392fff0): Total: 11.581 seconds - Initiated by RefreshV2(NoUpdateAssetOptions)
	Summary:
		Imports: total=1074 (actual=86, local cache=988, cache server=0)
		Asset DB Process Time: managed=41 ms, native=11325 ms
		Asset DB Callback time: managed=175 ms, native=37 ms
		Scripting: domain reloads=0, domain reload time=0 ms, compile time=0 ms, other=0 ms
		Project Asset Count: scripts=3659, non-scripts=1053
		Asset File Changes: new=0, changed=0, moved=0, deleted=0
		Scan Filter Count: 0
	InvokeBeforeRefreshCallbacks: 0.003ms
	ApplyChangesToAssetFolders: 0.159ms
	Scan: 0.004ms
	OnSourceAssetsModified: 0.013ms
	GetAllGuidsForCategorization: 0.808ms
	CategorizeAssets: 33.206ms
	ImportOutOfDateAssets: 11301.580ms (-35.511ms without children)
		ImportManagerImport: 11293.168ms (45.269ms without children)
			ImportInProcess: 11246.781ms
			UpdateCategorizedAssets: 1.118ms
		ReloadNativeAssets: 0.002ms
		UnloadImportedAssets: 0.570ms
		ReloadImportedAssets: 37.355ms
		EnsureUptoDateAssetsAreRegisteredWithGuidPM: 2.126ms
		InitializingProgressBar: 1.195ms
		PostProcessAllAssetNotificationsAddChangedAssets: 0.052ms
		OnDemandSchedulerStart: 2.621ms
	PostProcessAllAssets: 186.686ms
	Hotreload: 26.011ms
	GatherAllCurrentPrimaryArtifactRevisions: 0.208ms
	UnloadStreamsBegin: 0.175ms
	PersistCurrentRevisions: 2.357ms
	UnloadStreamsEnd: 0.027ms
	Untracked: 29.489ms
Asset Pipeline Refresh (id=7e1d8b57e3b8fe04db6bf8aa1e592683): Total: 0.062 seconds - Initiated by RefreshV2(NoUpdateAssetOptions)
Asset Pipeline Refresh (id=68b535ab107d6fd43a1735a077e300e1): Total: 0.055 seconds - Initiated by RefreshV2(NoUpdateAssetOptions)
Opening scene 'Assets/Level1.unity'
[PhysX] Initialized MultithreadedTaskDispatcher with 8 workers.
LightingSettings: switching bake backend from 1 to 0.
[Licensing::Client] Successfully resolved entitlement details
Unloading 5 Unused Serialized files (Serialized files now loaded: 0)
Loaded scene 'Assets/Level1.unity'
	Deserialize:            52.322 ms
	Integration:            135.315 ms
	Integration of assets:  4.786 ms
	Thread Wait Time:       32.499 ms
	Total Operation Time:   224.921 ms
Unloading 69 unused Assets / (0.7 MB). Loaded Objects now: 3501.
Memory consumption went from 125.4 MB to 124.7 MB.
Total: 18.723700 ms (FindLiveObjects: 0.295700 ms CreateObjectMapping: 0.099400 ms MarkObjects: 16.999500 ms  DeleteObjects: 1.325400 ms)

Created GICache directory at C:/Users/hifzu/AppData/LocalLow/Unity/Caches/GiCache. Took: 0.036s, timestamps: [110.829 - 110.865]
gi::BakeBackendSwitch: switching bake backend from 3 to 0.


Mono dependencies included in the build
Dependency assembly - Unity.AI.Navigation.dll
Dependency assembly - System.Data.dll
Dependency assembly - UnityEngine.Purchasing.SecurityCore.dll
Dependency assembly - Unity.Services.Core.Device.dll
Dependency assembly - UnityEngine.Purchasing.Codeless.dll
Dependency assembly - Unity.Services.Core.Environments.Internal.dll
Dependency assembly - System.dll
Dependency assembly - System.IO.Compression.FileSystem.dll
Dependency assembly - System.Net.Http.dll
Dependency assembly - UnityEngine.Purchasing.WinRTStub.dll
Dependency assembly - System.ServiceModel.Internals.dll
Dependency assembly - MCPForUnity.Runtime.dll
Dependency assembly - UnityEngine.Purchasing.AppleCore.dll
Dependency assembly - System.Runtime.Serialization.dll
Dependency assembly - System.Xml.Linq.dll
Dependency assembly - Assembly-CSharp.dll
Dependency assembly - UnityEngine.XR.LegacyInputHelpers.dll
Dependency assembly - mscorlib.dll
Dependency assembly - System.Transactions.dll
Dependency assembly - UnityEngine.SpatialTracking.dll
Dependency assembly - Unity.Services.Core.Scheduler.dll
Dependency assembly - UnityEngine.Purchasing.Stores.dll
Dependency assembly - Unity.Services.Core.Internal.dll
Dependency assembly - UnityEngine.Advertisements.dll
Dependency assembly - System.Configuration.dll
Dependency assembly - System.EnterpriseServices.dll
Dependency assembly - Unity.Services.Core.Telemetry.dll
Dependency assembly - Unity.Services.Analytics.dll
Dependency assembly - Unity.Analytics.DataPrivacy.dll
Dependency assembly - Unity.Timeline.dll
Dependency assembly - Newtonsoft.Json.dll
Dependency assembly - UnityEngine.Purchasing.AppleStub.dll
Dependency assembly - Unity.Services.Core.Threading.dll
Dependency assembly - System.Drawing.dll
Dependency assembly - System.Numerics.dll
Dependency assembly - System.Xml.dll
Dependency assembly - System.Data.DataSetExtensions.dll
Dependency assembly - UnityEngine.Purchasing.dll
Dependency assembly - netstandard.dll
Dependency assembly - Unity.TextMeshPro.dll
Dependency assembly - Mono.Security.dll
Dependency assembly - Purchasing.Common.dll
Dependency assembly - UnityEngine.Purchasing.SecurityStub.dll
Dependency assembly - Unity.Services.Core.Networking.dll
Dependency assembly - Unity.Services.Core.Components.dll
Dependency assembly - Unity.Services.Core.Configuration.dll
Dependency assembly - System.Security.dll
Dependency assembly - Unity.Services.Core.Environments.dll
Dependency assembly - System.IO.Compression.dll
Dependency assembly - UnityEngine.Purchasing.WinRTCore.dll
Dependency assembly - Unity.Services.Core.Registration.dll
Dependency assembly - UnityEngine.Purchasing.AppleMacosStub.dll
Dependency assembly - Unity.Services.Core.dll
Dependency assembly - UnityEngine.UI.dll
Dependency assembly - System.Core.dll
Dependency assembly - Unity.Services.Core.Analytics.dll
Dependency assembly - System.ComponentModel.Composition.dll

[PhysX] Initialized MultithreadedTaskDispatcher with 8 workers.
Unloading 66 Unused Serialized files (Serialized files now loaded: 0)
Unloading 101 unused Assets / (257.4 KB). Loaded Objects now: 3402.
Memory consumption went from 118.4 MB to 118.2 MB.
Total: 32.387500 ms (FindLiveObjects: 0.451700 ms CreateObjectMapping: 0.144900 ms MarkObjects: 30.189400 ms  DeleteObjects: 1.594800 ms)

[EnlightenBakeManager] m_Clear = false;
Unloading 0 Unused Serialized files (Serialized files now loaded: 0)
Unloading 0 unused Assets / (23.9 KB). Loaded Objects now: 3402.
Memory consumption went from 113.6 MB to 113.5 MB.
Total: 30.460500 ms (FindLiveObjects: 0.468200 ms CreateObjectMapping: 0.162800 ms MarkObjects: 29.703100 ms  DeleteObjects: 0.120100 ms)

[PhysX] Initialized MultithreadedTaskDispatcher with 8 workers.
Unloading 1 Unused Serialized files (Serialized files now loaded: 0)
Unloading 168 unused Assets / (132.4 MB). Loaded Objects now: 3402.
Memory consumption went from 244.1 MB to 111.7 MB.
Total: 51.929200 ms (FindLiveObjects: 0.262000 ms CreateObjectMapping: 0.096200 ms MarkObjects: 19.611300 ms  DeleteObjects: 31.954300 ms)

Compiling shader "Sprites/Default" pass "" (vp)
    Full variant space:         8
    After settings filtering:   8
    After built-in stripping:   4
    After scriptable stripping: 4
    Processed in 0.03 seconds
    starting compilation...
Launched and connected shader compiler UnityShaderCompiler.exe after 0.11 seconds
Launched and connected shader compiler UnityShaderCompiler.exe after 0.09 seconds
Launched and connected shader compiler UnityShaderCompiler.exe after 0.09 seconds
    finished in 0.58 seconds. Local cache hits 1 (0.00s CPU time), remote cache hits 0 (0.00s CPU time), compiled 3 variants (1.37s CPU time), skipped 0 variants
    Prepared data for serialisation in 0.00s
Compiling shader "Sprites/Default" pass "" (fp)
    Full variant space:         8
    After settings filtering:   8
    After built-in stripping:   4
    After scriptable stripping: 4
    Processed in 0.00 seconds
    starting compilation...
Launched and connected shader compiler UnityShaderCompiler.exe after 0.12 seconds
    finished in 0.36 seconds. Local cache hits 1 (0.00s CPU time), remote cache hits 0 (0.00s CPU time), compiled 3 variants (0.43s CPU time), skipped 0 variants
    Prepared data for serialisation in 0.00s
Serialized binary data for shader Sprites/Default in 0.00s
    d3d11 (total internal programs: 8, unique: 8)
Compiling shader "Legacy Shaders/VertexLit" pass "" (vp)
    Full variant space:         12
    After settings filtering:   12
    After built-in stripping:   3
    After scriptable stripping: 3
    Processed in 0.00 seconds
    starting compilation...
    finished in 0.32 seconds. Local cache hits 0 (0.00s CPU time), remote cache hits 0 (0.00s CPU time), compiled 3 variants (0.61s CPU time), skipped 0 variants
    Prepared data for serialisation in 0.00s
Compiling shader "Legacy Shaders/VertexLit" pass "" (fp)
    Full variant space:         12
    After settings filtering:   12
    After built-in stripping:   3
    After scriptable stripping: 3
    Processed in 0.00 seconds
    starting compilation...
    finished in 0.04 seconds. Local cache hits 0 (0.00s CPU time), remote cache hits 0 (0.00s CPU time), compiled 3 variants (0.11s CPU time), skipped 0 variants
    Prepared data for serialisation in 0.00s
Compiling shader "Legacy Shaders/VertexLit" pass "" (vp)
    Full variant space:         4
    After settings filtering:   4
    After built-in stripping:   1
    After scriptable stripping: 1
    Processed in 0.00 seconds
    starting compilation...
    finished in 0.03 seconds. Local cache hits 0 (0.00s CPU time), remote cache hits 0 (0.00s CPU time), compiled 1 variants (0.03s CPU time), skipped 0 variants
    Prepared data for serialisation in 0.00s
Compiling shader "Legacy Shaders/VertexLit" pass "" (fp)
    Full variant space:         4
    After settings filtering:   4
    After built-in stripping:   1
    After scriptable stripping: 1
    Processed in 0.00 seconds
    starting compilation...
    finished in 0.02 seconds. Local cache hits 0 (0.00s CPU time), remote cache hits 0 (0.00s CPU time), compiled 1 variants (0.02s CPU time), skipped 0 variants
    Prepared data for serialisation in 0.00s
Compiling shader "Legacy Shaders/VertexLit" pass "ShadowCaster" (vp)
    Full variant space:         4
    After settings filtering:   4
    After built-in stripping:   2
    After scriptable stripping: 2
    Processed in 0.00 seconds
    starting compilation...
    finished in 0.05 seconds. Local cache hits 0 (0.00s CPU time), remote cache hits 0 (0.00s CPU time), compiled 2 variants (0.09s CPU time), skipped 0 variants
    Prepared data for serialisation in 0.00s
Compiling shader "Legacy Shaders/VertexLit" pass "ShadowCaster" (fp)
    Full variant space:         4
    After settings filtering:   4
    After built-in stripping:   2
    After scriptable stripping: 2
    Processed in 0.00 seconds
    starting compilation...
    finished in 0.02 seconds. Local cache hits 0 (0.00s CPU time), remote cache hits 0 (0.00s CPU time), compiled 2 variants (0.04s CPU time), skipped 0 variants
    Prepared data for serialisation in 0.00s
Serialized binary data for shader Legacy Shaders/VertexLit in 0.00s
    d3d11 (total internal programs: 12, unique: 12)
Compiling shader "Legacy Shaders/Diffuse" pass "FORWARD" (vp)
    Full variant space:         664
    After settings filtering:   664
    After built-in stripping:   8
    After scriptable stripping: 8
    Processed in 0.00 seconds
    starting compilation...
Launched and connected shader compiler UnityShaderCompiler.exe after 0.18 seconds
Launched and connected shader compiler UnityShaderCompiler.exe after 0.11 seconds
Launched and connected shader compiler UnityShaderCompiler.exe after 0.12 seconds
    finished in 0.75 seconds. Local cache hits 0 (0.00s CPU time), remote cache hits 0 (0.00s CPU time), compiled 8 variants (2.12s CPU time), skipped 0 variants
    Prepared data for serialisation in 0.00s
Compiling shader "Legacy Shaders/Diffuse" pass "FORWARD" (fp)
    Full variant space:         504
    After settings filtering:   504
    After built-in stripping:   4
    After scriptable stripping: 4
    Processed in 0.00 seconds
    starting compilation...
    finished in 0.12 seconds. Local cache hits 0 (0.00s CPU time), remote cache hits 0 (0.00s CPU time), compiled 4 variants (0.30s CPU time), skipped 0 variants
    Prepared data for serialisation in 0.00s
Compiling shader "Legacy Shaders/Diffuse" pass "FORWARD" (vp)
    Full variant space:         20
    After settings filtering:   20
    After built-in stripping:   5
    After scriptable stripping: 5
    Processed in 0.00 seconds
    starting compilation...
    finished in 0.06 seconds. Local cache hits 0 (0.00s CPU time), remote cache hits 0 (0.00s CPU time), compiled 5 variants (0.29s CPU time), skipped 0 variants
    Prepared data for serialisation in 0.00s
Compiling shader "Legacy Shaders/Diffuse" pass "FORWARD" (fp)
    Full variant space:         20
    After settings filtering:   20
    After built-in stripping:   5
    After scriptable stripping: 5
    Processed in 0.00 seconds
    starting compilation...
    finished in 0.07 seconds. Local cache hits 0 (0.00s CPU time), remote cache hits 0 (0.00s CPU time), compiled 5 variants (0.29s CPU time), skipped 0 variants
    Prepared data for serialisation in 0.00s
Compiling shader "Legacy Shaders/Diffuse" pass "DEFERRED" (vp)
    Full variant space:         76
    After settings filtering:   76
    After built-in stripping:   4
    After scriptable stripping: 4
    Processed in 0.00 seconds
    starting compilation...
    finished in 0.05 seconds. Local cache hits 0 (0.00s CPU time), remote cache hits 0 (0.00s CPU time), compiled 4 variants (0.19s CPU time), skipped 0 variants
    Prepared data for serialisation in 0.00s
Compiling shader "Legacy Shaders/Diffuse" pass "DEFERRED" (fp)
    Full variant space:         76
    After settings filtering:   76
    After built-in stripping:   4
    After scriptable stripping: 4
    Processed in 0.00 seconds
    starting compilation...
    finished in 0.05 seconds. Local cache hits 0 (0.00s CPU time), remote cache hits 0 (0.00s CPU time), compiled 4 variants (0.17s CPU time), skipped 0 variants
    Prepared data for serialisation in 0.00s
Serialized binary data for shader Legacy Shaders/Diffuse in 0.00s
    d3d11 (total internal programs: 30, unique: 30)
Compiling shader "Hidden/Internal-StencilWrite" pass "" (vp)
    Full variant space:         1
    After settings filtering:   1
    After built-in stripping:   1
    After scriptable stripping: 1
    Processed in 0.00 seconds
    starting compilation...
    finished in 0.02 seconds. Local cache hits 0 (0.00s CPU time), remote cache hits 0 (0.00s CPU time), compiled 1 variants (0.02s CPU time), skipped 0 variants
    Prepared data for serialisation in 0.00s
Compiling shader "Hidden/Internal-StencilWrite" pass "" (fp)
    Full variant space:         1
    After settings filtering:   1
    After built-in stripping:   1
    After scriptable stripping: 1
    Processed in 0.00 seconds
    starting compilation...
    finished in 0.02 seconds. Local cache hits 0 (0.00s CPU time), remote cache hits 0 (0.00s CPU time), compiled 1 variants (0.02s CPU time), skipped 0 variants
    Prepared data for serialisation in 0.00s
Serialized binary data for shader Hidden/Internal-StencilWrite in 0.00s
    d3d11 (total internal programs: 2, unique: 2)
Compiling shader "Hidden/Internal-DepthNormalsTexture" pass "" (vp)
    Full variant space:         1
    After settings filtering:   1
    After built-in stripping:   1
    After scriptable stripping: 1
    Processed in 0.00 seconds
    starting compilation...
    finished in 0.03 seconds. Local cache hits 0 (0.00s CPU time), remote cache hits 0 (0.00s CPU time), compiled 1 variants (0.03s CPU time), skipped 0 variants
    Prepared data for serialisation in 0.00s
Compiling shader "Hidden/Internal-DepthNormalsTexture" pass "" (fp)
    Full variant space:         1
    After settings filtering:   1
    After built-in stripping:   1
    After scriptable stripping: 1
    Processed in 0.00 seconds
    starting compilation...
    finished in 0.02 seconds. Local cache hits 0 (0.00s CPU time), remote cache hits 0 (0.00s CPU time), compiled 1 variants (0.02s CPU time), skipped 0 variants
    Prepared data for serialisation in 0.00s
Compiling shader "Hidden/Internal-DepthNormalsTexture" pass "" (vp)
    Full variant space:         1
    After settings filtering:   1
    After built-in stripping:   1
    After scriptable stripping: 1
    Processed in 0.00 seconds
    starting compilation...
    finished in 0.04 seconds. Local cache hits 0 (0.00s CPU time), remote cache hits 0 (0.00s CPU time), compiled 1 variants (0.04s CPU time), skipped 0 variants
    Prepared data for serialisation in 0.00s
Compiling shader "Hidden/Internal-DepthNormalsTexture" pass "" (fp)
    Full variant space:         1
    After settings filtering:   1
    After built-in stripping:   1
    After scriptable stripping: 1
    Processed in 0.00 seconds
    starting compilation...
    finished in 0.03 seconds. Local cache hits 0 (0.00s CPU time), remote cache hits 0 (0.00s CPU time), compiled 1 variants (0.03s CPU time), skipped 0 variants
    Prepared data for serialisation in 0.00s
Compiling shader "Hidden/Internal-DepthNormalsTexture" pass "" (vp)
    Full variant space:         1
    After settings filtering:   1
    After built-in stripping:   1
    After scriptable stripping: 1
    Processed in 0.00 seconds
    starting compilation...
    finished in 0.08 seconds. Local cache hits 0 (0.00s CPU time), remote cache hits 0 (0.00s CPU time), compiled 1 variants (0.08s CPU time), skipped 0 variants
    Prepared data for serialisation in 0.00s
Compiling shader "Hidden/Internal-DepthNormalsTexture" pass "" (fp)
    Full variant space:         1
    After settings filtering:   1
    After built-in stripping:   1
    After scriptable stripping: 1
    Processed in 0.00 seconds
    starting compilation...
    finished in 0.03 seconds. Local cache hits 0 (0.00s CPU time), remote cache hits 0 (0.00s CPU time), compiled 1 variants (0.03s CPU time), skipped 0 variants
    Prepared data for serialisation in 0.00s
Compiling shader "Hidden/Internal-DepthNormalsTexture" pass "" (vp)
    Full variant space:         1
    After settings filtering:   1
    After built-in stripping:   1
    After scriptable stripping: 1
    Processed in 0.00 seconds
    starting compilation...
    finished in 0.09 seconds. Local cache hits 0 (0.00s CPU time), remote cache hits 0 (0.00s CPU time), compiled 1 variants (0.09s CPU time), skipped 0 variants
    Prepared data for serialisation in 0.00s
Compiling shader "Hidden/Internal-DepthNormalsTexture" pass "" (fp)
    Full variant space:         1
    After settings filtering:   1
    After built-in stripping:   1
    After scriptable stripping: 1
    Processed in 0.00 seconds
    starting compilation...
    finished in 0.04 seconds. Local cache hits 0 (0.00s CPU time), remote cache hits 0 (0.00s CPU time), compiled 1 variants (0.04s CPU time), skipped 0 variants
    Prepared data for serialisation in 0.00s
Compiling shader "Hidden/Internal-DepthNormalsTexture" pass "" (vp)
    Full variant space:         1
    After settings filtering:   1
    After built-in stripping:   1
    After scriptable stripping: 1
    Processed in 0.00 seconds
    starting compilation...
    finished in 0.05 seconds. Local cache hits 0 (0.00s CPU time), remote cache hits 0 (0.00s CPU time), compiled 1 variants (0.05s CPU time), skipped 0 variants
    Prepared data for serialisation in 0.00s
Compiling shader "Hidden/Internal-DepthNormalsTexture" pass "" (fp)
    Full variant space:         1
    After settings filtering:   1
    After built-in stripping:   1
    After scriptable stripping: 1
    Processed in 0.00 seconds
    starting compilation...
    finished in 0.03 seconds. Local cache hits 0 (0.00s CPU time), remote cache hits 0 (0.00s CPU time), compiled 1 variants (0.03s CPU time), skipped 0 variants
    Prepared data for serialisation in 0.00s
Compiling shader "Hidden/Internal-DepthNormalsTexture" pass "" (vp)
    Full variant space:         1
    After settings filtering:   1
    After built-in stripping:   1
    After scriptable stripping: 1
    Processed in 0.00 seconds
    starting compilation...
    finished in 0.04 seconds. Local cache hits 0 (0.00s CPU time), remote cache hits 0 (0.00s CPU time), compiled 1 variants (0.04s CPU time), skipped 0 variants
    Prepared data for serialisation in 0.00s
Compiling shader "Hidden/Internal-DepthNormalsTexture" pass "" (fp)
    Full variant space:         1
    After settings filtering:   1
    After built-in stripping:   1
    After scriptable stripping: 1
    Processed in 0.00 seconds
    starting compilation...
    finished in 0.03 seconds. Local cache hits 0 (0.00s CPU time), remote cache hits 0 (0.00s CPU time), compiled 1 variants (0.03s CPU time), skipped 0 variants
    Prepared data for serialisation in 0.00s
Compiling shader "Hidden/Internal-DepthNormalsTexture" pass "" (vp)
    Full variant space:         1
    After settings filtering:   1
    After built-in stripping:   1
    After scriptable stripping: 1
    Processed in 0.00 seconds
    starting compilation...
    finished in 0.05 seconds. Local cache hits 0 (0.00s CPU time), remote cache hits 0 (0.00s CPU time), compiled 1 variants (0.05s CPU time), skipped 0 variants
    Prepared data for serialisation in 0.00s
Compiling shader "Hidden/Internal-DepthNormalsTexture" pass "" (fp)
    Full variant space:         1
    After settings filtering:   1
    After built-in stripping:   1
    After scriptable stripping: 1
    Processed in 0.00 seconds
    starting compilation...
    finished in 0.03 seconds. Local cache hits 0 (0.00s CPU time), remote cache hits 0 (0.00s CPU time), compiled 1 variants (0.03s CPU time), skipped 0 variants
    Prepared data for serialisation in 0.00s
Compiling shader "Hidden/Internal-DepthNormalsTexture" pass "" (vp)
    Full variant space:         1
    After settings filtering:   1
    After built-in stripping:   1
    After scriptable stripping: 1
    Processed in 0.00 seconds
    starting compilation...
    finished in 0.06 seconds. Local cache hits 0 (0.00s CPU time), remote cache hits 0 (0.00s CPU time), compiled 1 variants (0.06s CPU time), skipped 0 variants
    Prepared data for serialisation in 0.00s
Compiling shader "Hidden/Internal-DepthNormalsTexture" pass "" (fp)
    Full variant space:         1
    After settings filtering:   1
    After built-in stripping:   1
    After scriptable stripping: 1
    Processed in 0.00 seconds
    starting compilation...
    finished in 0.03 seconds. Local cache hits 0 (0.00s CPU time), remote cache hits 0 (0.00s CPU time), compiled 1 variants (0.03s CPU time), skipped 0 variants
    Prepared data for serialisation in 0.00s
Compiling shader "Hidden/Internal-DepthNormalsTexture" pass "" (vp)
    Full variant space:         1
    After settings filtering:   1
    After built-in stripping:   1
    After scriptable stripping: 1
    Processed in 0.00 seconds
    starting compilation...
    finished in 0.09 seconds. Local cache hits 0 (0.00s CPU time), remote cache hits 0 (0.00s CPU time), compiled 1 variants (0.09s CPU time), skipped 0 variants
    Prepared data for serialisation in 0.00s
Compiling shader "Hidden/Internal-DepthNormalsTexture" pass "" (fp)
    Full variant space:         1
    After settings filtering:   1
    After built-in stripping:   1
    After scriptable stripping: 1
    Processed in 0.00 seconds
    starting compilation...
    finished in 0.03 seconds. Local cache hits 0 (0.00s CPU time), remote cache hits 0 (0.00s CPU time), compiled 1 variants (0.03s CPU time), skipped 0 variants
    Prepared data for serialisation in 0.00s
Compiling shader "Hidden/Internal-DepthNormalsTexture" pass "" (vp)
    Full variant space:         1
    After settings filtering:   1
    After built-in stripping:   1
    After scriptable stripping: 1
    Processed in 0.00 seconds
    starting compilation...
    finished in 0.08 seconds. Local cache hits 0 (0.00s CPU time), remote cache hits 0 (0.00s CPU time), compiled 1 variants (0.08s CPU time), skipped 0 variants
    Prepared data for serialisation in 0.00s
Compiling shader "Hidden/Internal-DepthNormalsTexture" pass "" (fp)
    Full variant space:         1
    After settings filtering:   1
    After built-in stripping:   1
    After scriptable stripping: 1
    Processed in 0.00 seconds
    starting compilation...
    finished in 0.02 seconds. Local cache hits 0 (0.00s CPU time), remote cache hits 0 (0.00s CPU time), compiled 1 variants (0.02s CPU time), skipped 0 variants
    Prepared data for serialisation in 0.00s
Serialized binary data for shader Hidden/Internal-DepthNormalsTexture in 0.00s
    d3d11 (total internal programs: 20, unique: 17)
Compiling shader "Hidden/Internal-ScreenSpaceShadows" pass "" (vp)
    Full variant space:         4
    After settings filtering:   4
    After built-in stripping:   4
    After scriptable stripping: 4
    Processed in 0.00 seconds
    starting compilation...
    finished in 0.08 seconds. Local cache hits 0 (0.00s CPU time), remote cache hits 0 (0.00s CPU time), compiled 4 variants (0.30s CPU time), skipped 0 variants
    Prepared data for serialisation in 0.00s
Compiling shader "Hidden/Internal-ScreenSpaceShadows" pass "" (fp)
    Full variant space:         4
    After settings filtering:   4
    After built-in stripping:   4
    After scriptable stripping: 4
    Processed in 0.00 seconds
    starting compilation...
    finished in 0.16 seconds. Local cache hits 0 (0.00s CPU time), remote cache hits 0 (0.00s CPU time), compiled 4 variants (0.52s CPU time), skipped 0 variants
    Prepared data for serialisation in 0.00s
Compiling shader "Hidden/Internal-ScreenSpaceShadows" pass "" (vp)
    Full variant space:         4
    After settings filtering:   4
    After built-in stripping:   4
    After scriptable stripping: 4
    Processed in 0.00 seconds
    starting compilation...
    finished in 0.06 seconds. Local cache hits 0 (0.00s CPU time), remote cache hits 0 (0.00s CPU time), compiled 4 variants (0.21s CPU time), skipped 0 variants
    Prepared data for serialisation in 0.00s
Compiling shader "Hidden/Internal-ScreenSpaceShadows" pass "" (fp)
    Full variant space:         4
    After settings filtering:   4
    After built-in stripping:   4
    After scriptable stripping: 4
    Processed in 0.00 seconds
    starting compilation...
    finished in 0.11 seconds. Local cache hits 0 (0.00s CPU time), remote cache hits 0 (0.00s CPU time), compiled 4 variants (0.28s CPU time), skipped 0 variants
    Prepared data for serialisation in 0.00s
Compiling shader "Hidden/Internal-ScreenSpaceShadows" pass "" (vp)
    Full variant space:         4
    After settings filtering:   4
    After built-in stripping:   4
    After scriptable stripping: 4
    Processed in 0.00 seconds
    starting compilation...
    finished in 0.05 seconds. Local cache hits 0 (0.00s CPU time), remote cache hits 0 (0.00s CPU time), compiled 4 variants (0.19s CPU time), skipped 0 variants
    Prepared data for serialisation in 0.00s
Compiling shader "Hidden/Internal-ScreenSpaceShadows" pass "" (fp)
    Full variant space:         4
    After settings filtering:   4
    After built-in stripping:   4
    After scriptable stripping: 4
    Processed in 0.00 seconds
    starting compilation...
    finished in 0.13 seconds. Local cache hits 0 (0.00s CPU time), remote cache hits 0 (0.00s CPU time), compiled 4 variants (0.45s CPU time), skipped 0 variants
    Prepared data for serialisation in 0.00s
Compiling shader "Hidden/Internal-ScreenSpaceShadows" pass "" (vp)
    Full variant space:         4
    After settings filtering:   4
    After built-in stripping:   4
    After scriptable stripping: 4
    Processed in 0.00 seconds
    starting compilation...
    finished in 0.05 seconds. Local cache hits 0 (0.00s CPU time), remote cache hits 0 (0.00s CPU time), compiled 4 variants (0.19s CPU time), skipped 0 variants
    Prepared data for serialisation in 0.00s
Compiling shader "Hidden/Internal-ScreenSpaceShadows" pass "" (fp)
    Full variant space:         4
    After settings filtering:   4
    After built-in stripping:   4
    After scriptable stripping: 4
    Processed in 0.00 seconds
    starting compilation...
    finished in 0.13 seconds. Local cache hits 0 (0.00s CPU time), remote cache hits 0 (0.00s CPU time), compiled 4 variants (0.48s CPU time), skipped 0 variants
    Prepared data for serialisation in 0.00s
Serialized binary data for shader Hidden/Internal-ScreenSpaceShadows in 0.00s
    d3d11 (total internal programs: 32, unique: 20)
Compiling shader "Hidden/Internal-CombineDepthNormals" pass "" (vp)
    Full variant space:         1
    After settings filtering:   1
    After built-in stripping:   1
    After scriptable stripping: 1
    Processed in 0.00 seconds
    starting compilation...
    finished in 0.02 seconds. Local cache hits 0 (0.00s CPU time), remote cache hits 0 (0.00s CPU time), compiled 1 variants (0.02s CPU time), skipped 0 variants
    Prepared data for serialisation in 0.00s
Compiling shader "Hidden/Internal-CombineDepthNormals" pass "" (fp)
    Full variant space:         1
    After settings filtering:   1
    After built-in stripping:   1
    After scriptable stripping: 1
    Processed in 0.00 seconds
    starting compilation...
    finished in 0.03 seconds. Local cache hits 0 (0.00s CPU time), remote cache hits 0 (0.00s CPU time), compiled 1 variants (0.03s CPU time), skipped 0 variants
    Prepared data for serialisation in 0.00s
Serialized binary data for shader Hidden/Internal-CombineDepthNormals in 0.00s
    d3d11 (total internal programs: 2, unique: 2)
Compiling shader "Hidden/BlitCopy" pass "" (vp)
    Full variant space:         1
    After settings filtering:   1
    After built-in stripping:   1
    After scriptable stripping: 1
    Processed in 0.00 seconds
    starting compilation...
    finished in 0.00 seconds. Local cache hits 1 (0.00s CPU time), remote cache hits 0 (0.00s CPU time), compiled 0 variants (0.00s CPU time), skipped 0 variants
    Prepared data for serialisation in 0.00s
Compiling shader "Hidden/BlitCopy" pass "" (fp)
    Full variant space:         1
    After settings filtering:   1
    After built-in stripping:   1
    After scriptable stripping: 1
    Processed in 0.00 seconds
    starting compilation...
    finished in 0.00 seconds. Local cache hits 1 (0.00s CPU time), remote cache hits 0 (0.00s CPU time), compiled 0 variants (0.00s CPU time), skipped 0 variants
    Prepared data for serialisation in 0.00s
Serialized binary data for shader Hidden/BlitCopy in 0.00s
    d3d11 (total internal programs: 2, unique: 2)
Compiling shader "Hidden/BlitCopyDepth" pass "" (vp)
    Full variant space:         1
    After settings filtering:   1
    After built-in stripping:   1
    After scriptable stripping: 1
    Processed in 0.00 seconds
    starting compilation...
    finished in 0.03 seconds. Local cache hits 0 (0.00s CPU time), remote cache hits 0 (0.00s CPU time), compiled 1 variants (0.03s CPU time), skipped 0 variants
    Prepared data for serialisation in 0.00s
Compiling shader "Hidden/BlitCopyDepth" pass "" (fp)
    Full variant space:         1
    After settings filtering:   1
    After built-in stripping:   1
    After scriptable stripping: 1
    Processed in 0.00 seconds
    starting compilation...
    finished in 0.03 seconds. Local cache hits 0 (0.00s CPU time), remote cache hits 0 (0.00s CPU time), compiled 1 variants (0.03s CPU time), skipped 0 variants
    Prepared data for serialisation in 0.00s
Serialized binary data for shader Hidden/BlitCopyDepth in 0.00s
    d3d11 (total internal programs: 2, unique: 2)
Compiling shader "Hidden/ConvertTexture" pass "" (vp)
    Full variant space:         1
    After settings filtering:   1
    After built-in stripping:   1
    After scriptable stripping: 1
    Processed in 0.00 seconds
    starting compilation...
    finished in 0.08 seconds. Local cache hits 0 (0.00s CPU time), remote cache hits 0 (0.00s CPU time), compiled 1 variants (0.08s CPU time), skipped 0 variants
    Prepared data for serialisation in 0.00s
Compiling shader "Hidden/ConvertTexture" pass "" (fp)
    Full variant space:         1
    After settings filtering:   1
    After built-in stripping:   1
    After scriptable stripping: 1
    Processed in 0.00 seconds
    starting compilation...
    finished in 0.04 seconds. Local cache hits 0 (0.00s CPU time), remote cache hits 0 (0.00s CPU time), compiled 1 variants (0.04s CPU time), skipped 0 variants
    Prepared data for serialisation in 0.00s
Serialized binary data for shader Hidden/ConvertTexture in 0.00s
    d3d11 (total internal programs: 2, unique: 2)
Compiling shader "Hidden/Internal-DeferredShading" pass "" (vp)
    Full variant space:         94
    After settings filtering:   94
    After built-in stripping:   26
    After scriptable stripping: 26
    Processed in 0.00 seconds
    starting compilation...
    finished in 0.33 seconds. Local cache hits 0 (0.00s CPU time), remote cache hits 0 (0.00s CPU time), compiled 26 variants (2.34s CPU time), skipped 0 variants
    Prepared data for serialisation in 0.00s
Compiling shader "Hidden/Internal-DeferredShading" pass "" (fp)
    Full variant space:         94
    After settings filtering:   94
    After built-in stripping:   26
    After scriptable stripping: 26
    Processed in 0.00 seconds
    starting compilation...
    finished in 0.57 seconds. Local cache hits 0 (0.00s CPU time), remote cache hits 0 (0.00s CPU time), compiled 26 variants (4.12s CPU time), skipped 0 variants
    Prepared data for serialisation in 0.00s
Compiling shader "Hidden/Internal-DeferredShading" pass "" (vp)
    Full variant space:         1
    After settings filtering:   1
    After built-in stripping:   1
    After scriptable stripping: 1
    Processed in 0.00 seconds
    starting compilation...
    finished in 0.02 seconds. Local cache hits 0 (0.00s CPU time), remote cache hits 0 (0.00s CPU time), compiled 1 variants (0.02s CPU time), skipped 0 variants
    Prepared data for serialisation in 0.00s
Compiling shader "Hidden/Internal-DeferredShading" pass "" (fp)
    Full variant space:         1
    After settings filtering:   1
    After built-in stripping:   1
    After scriptable stripping: 1
    Processed in 0.00 seconds
    starting compilation...
    finished in 0.02 seconds. Local cache hits 0 (0.00s CPU time), remote cache hits 0 (0.00s CPU time), compiled 1 variants (0.02s CPU time), skipped 0 variants
    Prepared data for serialisation in 0.00s
Serialized binary data for shader Hidden/Internal-DeferredShading in 0.00s
    d3d11 (total internal programs: 54, unique: 54)
Compiling shader "Hidden/Internal-DeferredReflections" pass "" (vp)
    Full variant space:         1
    After settings filtering:   1
    After built-in stripping:   1
    After scriptable stripping: 1
    Processed in 0.00 seconds
    starting compilation...
    finished in 0.04 seconds. Local cache hits 0 (0.00s CPU time), remote cache hits 0 (0.00s CPU time), compiled 1 variants (0.04s CPU time), skipped 0 variants
    Prepared data for serialisation in 0.00s
Compiling shader "Hidden/Internal-DeferredReflections" pass "" (fp)
    Full variant space:         1
    After settings filtering:   1
    After built-in stripping:   1
    After scriptable stripping: 1
    Processed in 0.00 seconds
    starting compilation...
    finished in 0.08 seconds. Local cache hits 0 (0.00s CPU time), remote cache hits 0 (0.00s CPU time), compiled 1 variants (0.07s CPU time), skipped 0 variants
    Prepared data for serialisation in 0.00s
Compiling shader "Hidden/Internal-DeferredReflections" pass "" (vp)
    Full variant space:         2
    After settings filtering:   2
    After built-in stripping:   2
    After scriptable stripping: 2
    Processed in 0.00 seconds
    starting compilation...
    finished in 0.03 seconds. Local cache hits 0 (0.00s CPU time), remote cache hits 0 (0.00s CPU time), compiled 2 variants (0.06s CPU time), skipped 0 variants
    Prepared data for serialisation in 0.00s
Compiling shader "Hidden/Internal-DeferredReflections" pass "" (fp)
    Full variant space:         2
    After settings filtering:   2
    After built-in stripping:   2
    After scriptable stripping: 2
    Processed in 0.00 seconds
    starting compilation...
    finished in 0.02 seconds. Local cache hits 0 (0.00s CPU time), remote cache hits 0 (0.00s CPU time), compiled 2 variants (0.04s CPU time), skipped 0 variants
    Prepared data for serialisation in 0.00s
Serialized binary data for shader Hidden/Internal-DeferredReflections in 0.00s
    d3d11 (total internal programs: 6, unique: 6)
Compiling shader "Hidden/Internal-MotionVectors" pass "" (vp)
    Full variant space:         1
    After settings filtering:   1
    After built-in stripping:   1
    After scriptable stripping: 1
    Processed in 0.00 seconds
    starting compilation...
    finished in 0.04 seconds. Local cache hits 0 (0.00s CPU time), remote cache hits 0 (0.00s CPU time), compiled 1 variants (0.04s CPU time), skipped 0 variants
    Prepared data for serialisation in 0.00s
Compiling shader "Hidden/Internal-MotionVectors" pass "" (fp)
    Full variant space:         1
    After settings filtering:   1
    After built-in stripping:   1
    After scriptable stripping: 1
    Processed in 0.00 seconds
    starting compilation...
    finished in 0.02 seconds. Local cache hits 0 (0.00s CPU time), remote cache hits 0 (0.00s CPU time), compiled 1 variants (0.02s CPU time), skipped 0 variants
    Prepared data for serialisation in 0.00s
Compiling shader "Hidden/Internal-MotionVectors" pass "" (vp)
    Full variant space:         1
    After settings filtering:   1
    After built-in stripping:   1
    After scriptable stripping: 1
    Processed in 0.00 seconds
    starting compilation...
    finished in 0.03 seconds. Local cache hits 0 (0.00s CPU time), remote cache hits 0 (0.00s CPU time), compiled 1 variants (0.03s CPU time), skipped 0 variants
    Prepared data for serialisation in 0.00s
Compiling shader "Hidden/Internal-MotionVectors" pass "" (fp)
    Full variant space:         1
    After settings filtering:   1
    After built-in stripping:   1
    After scriptable stripping: 1
    Processed in 0.00 seconds
    starting compilation...
    finished in 0.03 seconds. Local cache hits 0 (0.00s CPU time), remote cache hits 0 (0.00s CPU time), compiled 1 variants (0.03s CPU time), skipped 0 variants
    Prepared data for serialisation in 0.00s
Compiling shader "Hidden/Internal-MotionVectors" pass "" (vp)
    Full variant space:         1
    After settings filtering:   1
    After built-in stripping:   1
    After scriptable stripping: 1
    Processed in 0.00 seconds
    starting compilation...
    finished in 0.03 seconds. Local cache hits 0 (0.00s CPU time), remote cache hits 0 (0.00s CPU time), compiled 1 variants (0.03s CPU time), skipped 0 variants
    Prepared data for serialisation in 0.00s
Compiling shader "Hidden/Internal-MotionVectors" pass "" (fp)
    Full variant space:         1
    After settings filtering:   1
    After built-in stripping:   1
    After scriptable stripping: 1
    Processed in 0.00 seconds
    starting compilation...
    finished in 0.03 seconds. Local cache hits 0 (0.00s CPU time), remote cache hits 0 (0.00s CPU time), compiled 1 variants (0.03s CPU time), skipped 0 variants
    Prepared data for serialisation in 0.00s
Serialized binary data for shader Hidden/Internal-MotionVectors in 0.00s
    d3d11 (total internal programs: 6, unique: 5)
Compiling shader "Hidden/Internal-Flare" pass "" (vp)
    Full variant space:         1
    After settings filtering:   1
    After built-in stripping:   1
    After scriptable stripping: 1
    Processed in 0.00 seconds
    starting compilation...
    finished in 0.03 seconds. Local cache hits 0 (0.00s CPU time), remote cache hits 0 (0.00s CPU time), compiled 1 variants (0.03s CPU time), skipped 0 variants
    Prepared data for serialisation in 0.00s
Compiling shader "Hidden/Internal-Flare" pass "" (fp)
    Full variant space:         1
    After settings filtering:   1
    After built-in stripping:   1
    After scriptable stripping: 1
    Processed in 0.00 seconds
    starting compilation...
    finished in 0.03 seconds. Local cache hits 0 (0.00s CPU time), remote cache hits 0 (0.00s CPU time), compiled 1 variants (0.03s CPU time), skipped 0 variants
    Prepared data for serialisation in 0.00s
Serialized binary data for shader Hidden/Internal-Flare in 0.00s
    d3d11 (total internal programs: 2, unique: 2)
Compiling shader "Hidden/Internal-Halo" pass "" (vp)
    Full variant space:         4
    After settings filtering:   4
    After built-in stripping:   1
    After scriptable stripping: 1
    Processed in 0.01 seconds
    starting compilation...
    finished in 0.04 seconds. Local cache hits 0 (0.00s CPU time), remote cache hits 0 (0.00s CPU time), compiled 1 variants (0.04s CPU time), skipped 0 variants
    Prepared data for serialisation in 0.00s
Compiling shader "Hidden/Internal-Halo" pass "" (fp)
    Full variant space:         4
    After settings filtering:   4
    After built-in stripping:   1
    After scriptable stripping: 1
    Processed in 0.00 seconds
    starting compilation...
    finished in 0.02 seconds. Local cache hits 0 (0.00s CPU time), remote cache hits 0 (0.00s CPU time), compiled 1 variants (0.02s CPU time), skipped 0 variants
    Prepared data for serialisation in 0.00s
Serialized binary data for shader Hidden/Internal-Halo in 0.00s
    d3d11 (total internal programs: 2, unique: 2)
Compiling shader "Hidden/BlitCopyWithDepth" pass "" (vp)
    Full variant space:         1
    After settings filtering:   1
    After built-in stripping:   1
    After scriptable stripping: 1
    Processed in 0.00 seconds
    starting compilation...
    finished in 0.03 seconds. Local cache hits 0 (0.00s CPU time), remote cache hits 0 (0.00s CPU time), compiled 1 variants (0.03s CPU time), skipped 0 variants
    Prepared data for serialisation in 0.00s
Compiling shader "Hidden/BlitCopyWithDepth" pass "" (fp)
    Full variant space:         1
    After settings filtering:   1
    After built-in stripping:   1
    After scriptable stripping: 1
    Processed in 0.00 seconds
    starting compilation...
    finished in 0.02 seconds. Local cache hits 0 (0.00s CPU time), remote cache hits 0 (0.00s CPU time), compiled 1 variants (0.02s CPU time), skipped 0 variants
    Prepared data for serialisation in 0.00s
Serialized binary data for shader Hidden/BlitCopyWithDepth in 0.00s
    d3d11 (total internal programs: 2, unique: 2)
Compiling shader "Hidden/BlitToDepth" pass "" (vp)
    Full variant space:         1
    After settings filtering:   1
    After built-in stripping:   1
    After scriptable stripping: 1
    Processed in 0.00 seconds
    starting compilation...
    finished in 0.03 seconds. Local cache hits 0 (0.00s CPU time), remote cache hits 0 (0.00s CPU time), compiled 1 variants (0.03s CPU time), skipped 0 variants
    Prepared data for serialisation in 0.00s
Compiling shader "Hidden/BlitToDepth" pass "" (fp)
    Full variant space:         1
    After settings filtering:   1
    After built-in stripping:   1
    After scriptable stripping: 1
    Processed in 0.00 seconds
    starting compilation...
    finished in 0.02 seconds. Local cache hits 0 (0.00s CPU time), remote cache hits 0 (0.00s CPU time), compiled 1 variants (0.02s CPU time), skipped 0 variants
    Prepared data for serialisation in 0.00s
Serialized binary data for shader Hidden/BlitToDepth in 0.00s
    d3d11 (total internal programs: 2, unique: 2)
Compiling shader "Hidden/BlitToDepth_MSAA" pass "" (vp)
    Full variant space:         1
    After settings filtering:   1
    After built-in stripping:   1
    After scriptable stripping: 1
    Processed in 0.00 seconds
    starting compilation...
    finished in 0.03 seconds. Local cache hits 0 (0.00s CPU time), remote cache hits 0 (0.00s CPU time), compiled 1 variants (0.03s CPU time), skipped 0 variants
    Prepared data for serialisation in 0.00s
Compiling shader "Hidden/BlitToDepth_MSAA" pass "" (fp)
    Full variant space:         1
    After settings filtering:   1
    After built-in stripping:   1
    After scriptable stripping: 1
    Processed in 0.00 seconds
    starting compilation...
    finished in 0.03 seconds. Local cache hits 0 (0.00s CPU time), remote cache hits 0 (0.00s CPU time), compiled 1 variants (0.03s CPU time), skipped 0 variants
    Prepared data for serialisation in 0.00s
Serialized binary data for shader Hidden/BlitToDepth_MSAA in 0.00s
    d3d11 (total internal programs: 2, unique: 2)
Compiling shader "Hidden/BlitCopyHDRTonemap" pass "" (vp)
    Full variant space:         1
    After settings filtering:   1
    After built-in stripping:   1
    After scriptable stripping: 1
    Processed in 0.00 seconds
    starting compilation...
    finished in 0.03 seconds. Local cache hits 0 (0.00s CPU time), remote cache hits 0 (0.00s CPU time), compiled 1 variants (0.03s CPU time), skipped 0 variants
    Prepared data for serialisation in 0.00s
Compiling shader "Hidden/BlitCopyHDRTonemap" pass "" (fp)
    Full variant space:         1
    After settings filtering:   1
    After built-in stripping:   1
    After scriptable stripping: 1
    Processed in 0.00 seconds
    starting compilation...
    finished in 0.04 seconds. Local cache hits 0 (0.00s CPU time), remote cache hits 0 (0.00s CPU time), compiled 1 variants (0.04s CPU time), skipped 0 variants
    Prepared data for serialisation in 0.00s
Serialized binary data for shader Hidden/BlitCopyHDRTonemap in 0.00s
    d3d11 (total internal programs: 2, unique: 2)
Compiling shader "Hidden/Internal-DebugPattern" pass "Target Color and DepthStencil" (vp)
    Full variant space:         1
    After settings filtering:   1
    After built-in stripping:   1
    After scriptable stripping: 1
    Processed in 0.00 seconds
    starting compilation...
    finished in 0.03 seconds. Local cache hits 0 (0.00s CPU time), remote cache hits 0 (0.00s CPU time), compiled 1 variants (0.03s CPU time), skipped 0 variants
    Prepared data for serialisation in 0.00s
Compiling shader "Hidden/Internal-DebugPattern" pass "Target Color and DepthStencil" (fp)
    Full variant space:         1
    After settings filtering:   1
    After built-in stripping:   1
    After scriptable stripping: 1
    Processed in 0.00 seconds
    starting compilation...
    finished in 0.02 seconds. Local cache hits 0 (0.00s CPU time), remote cache hits 0 (0.00s CPU time), compiled 1 variants (0.02s CPU time), skipped 0 variants
    Prepared data for serialisation in 0.00s
Compiling shader "Hidden/Internal-DebugPattern" pass "Target only Color" (vp)
    Full variant space:         1
    After settings filtering:   1
    After built-in stripping:   1
    After scriptable stripping: 1
    Processed in 0.00 seconds
    starting compilation...
    finished in 0.03 seconds. Local cache hits 0 (0.00s CPU time), remote cache hits 0 (0.00s CPU time), compiled 1 variants (0.03s CPU time), skipped 0 variants
    Prepared data for serialisation in 0.00s
Compiling shader "Hidden/Internal-DebugPattern" pass "Target only Color" (fp)
    Full variant space:         1
    After settings filtering:   1
    After built-in stripping:   1
    After scriptable stripping: 1
    Processed in 0.00 seconds
    starting compilation...
    finished in 0.02 seconds. Local cache hits 0 (0.00s CPU time), remote cache hits 0 (0.00s CPU time), compiled 1 variants (0.02s CPU time), skipped 0 variants
    Prepared data for serialisation in 0.00s
Compiling shader "Hidden/Internal-DebugPattern" pass "Target only DepthStencil" (vp)
    Full variant space:         1
    After settings filtering:   1
    After built-in stripping:   1
    After scriptable stripping: 1
    Processed in 0.00 seconds
    starting compilation...
    finished in 0.04 seconds. Local cache hits 0 (0.00s CPU time), remote cache hits 0 (0.00s CPU time), compiled 1 variants (0.04s CPU time), skipped 0 variants
    Prepared data for serialisation in 0.00s
Compiling shader "Hidden/Internal-DebugPattern" pass "Target only DepthStencil" (fp)
    Full variant space:         1
    After settings filtering:   1
    After built-in stripping:   1
    After scriptable stripping: 1
    Processed in 0.00 seconds
    starting compilation...
    finished in 0.02 seconds. Local cache hits 0 (0.00s CPU time), remote cache hits 0 (0.00s CPU time), compiled 1 variants (0.02s CPU time), skipped 0 variants
    Prepared data for serialisation in 0.00s
Serialized binary data for shader Hidden/Internal-DebugPattern in 0.00s
    d3d11 (total internal programs: 6, unique: 4)
Compiling shader "Hidden/Internal-GUITextureClip" pass "" (vp)
    Full variant space:         1
    After settings filtering:   1
    After built-in stripping:   1
    After scriptable stripping: 1
    Processed in 0.00 seconds
    starting compilation...
    finished in 0.00 seconds. Local cache hits 1 (0.00s CPU time), remote cache hits 0 (0.00s CPU time), compiled 0 variants (0.00s CPU time), skipped 0 variants
    Prepared data for serialisation in 0.00s
Compiling shader "Hidden/Internal-GUITextureClip" pass "" (fp)
    Full variant space:         1
    After settings filtering:   1
    After built-in stripping:   1
    After scriptable stripping: 1
    Processed in 0.00 seconds
    starting compilation...
    finished in 0.00 seconds. Local cache hits 1 (0.00s CPU time), remote cache hits 0 (0.00s CPU time), compiled 0 variants (0.00s CPU time), skipped 0 variants
    Prepared data for serialisation in 0.00s
Compiling shader "Hidden/Internal-GUITextureClip" pass "" (vp)
    Full variant space:         1
    After settings filtering:   1
    After built-in stripping:   1
    After scriptable stripping: 1
    Processed in 0.00 seconds
    starting compilation...
    finished in 0.00 seconds. Local cache hits 1 (0.00s CPU time), remote cache hits 0 (0.00s CPU time), compiled 0 variants (0.00s CPU time), skipped 0 variants
    Prepared data for serialisation in 0.00s
Compiling shader "Hidden/Internal-GUITextureClip" pass "" (fp)
    Full variant space:         1
    After settings filtering:   1
    After built-in stripping:   1
    After scriptable stripping: 1
    Processed in 0.00 seconds
    starting compilation...
    finished in 0.00 seconds. Local cache hits 1 (0.00s CPU time), remote cache hits 0 (0.00s CPU time), compiled 0 variants (0.00s CPU time), skipped 0 variants
    Prepared data for serialisation in 0.00s
Serialized binary data for shader Hidden/Internal-GUITextureClip in 0.00s
    d3d11 (total internal programs: 4, unique: 2)
Compiling shader "Hidden/Internal-GUITextureClipText" pass "" (vp)
    Full variant space:         1
    After settings filtering:   1
    After built-in stripping:   1
    After scriptable stripping: 1
    Processed in 0.00 seconds
    starting compilation...
    finished in 0.00 seconds. Local cache hits 1 (0.00s CPU time), remote cache hits 0 (0.00s CPU time), compiled 0 variants (0.00s CPU time), skipped 0 variants
    Prepared data for serialisation in 0.00s
Compiling shader "Hidden/Internal-GUITextureClipText" pass "" (fp)
    Full variant space:         1
    After settings filtering:   1
    After built-in stripping:   1
    After scriptable stripping: 1
    Processed in 0.00 seconds
    starting compilation...
    finished in 0.00 seconds. Local cache hits 1 (0.00s CPU time), remote cache hits 0 (0.00s CPU time), compiled 0 variants (0.00s CPU time), skipped 0 variants
    Prepared data for serialisation in 0.00s
Compiling shader "Hidden/Internal-GUITextureClipText" pass "" (vp)
    Full variant space:         1
    After settings filtering:   1
    After built-in stripping:   1
    After scriptable stripping: 1
    Processed in 0.00 seconds
    starting compilation...
    finished in 0.00 seconds. Local cache hits 1 (0.00s CPU time), remote cache hits 0 (0.00s CPU time), compiled 0 variants (0.00s CPU time), skipped 0 variants
    Prepared data for serialisation in 0.00s
Compiling shader "Hidden/Internal-GUITextureClipText" pass "" (fp)
    Full variant space:         1
    After settings filtering:   1
    After built-in stripping:   1
    After scriptable stripping: 1
    Processed in 0.00 seconds
    starting compilation...
    finished in 0.00 seconds. Local cache hits 1 (0.00s CPU time), remote cache hits 0 (0.00s CPU time), compiled 0 variants (0.00s CPU time), skipped 0 variants
    Prepared data for serialisation in 0.00s
Serialized binary data for shader Hidden/Internal-GUITextureClipText in 0.00s
    d3d11 (total internal programs: 4, unique: 2)
Compiling shader "Hidden/Internal-GUITexture" pass "" (vp)
    Full variant space:         1
    After settings filtering:   1
    After built-in stripping:   1
    After scriptable stripping: 1
    Processed in 0.00 seconds
    starting compilation...
    finished in 0.00 seconds. Local cache hits 1 (0.00s CPU time), remote cache hits 0 (0.00s CPU time), compiled 0 variants (0.00s CPU time), skipped 0 variants
    Prepared data for serialisation in 0.00s
Compiling shader "Hidden/Internal-GUITexture" pass "" (fp)
    Full variant space:         1
    After settings filtering:   1
    After built-in stripping:   1
    After scriptable stripping: 1
    Processed in 0.00 seconds
    starting compilation...
    finished in 0.00 seconds. Local cache hits 1 (0.00s CPU time), remote cache hits 0 (0.00s CPU time), compiled 0 variants (0.00s CPU time), skipped 0 variants
    Prepared data for serialisation in 0.00s
Compiling shader "Hidden/Internal-GUITexture" pass "" (vp)
    Full variant space:         1
    After settings filtering:   1
    After built-in stripping:   1
    After scriptable stripping: 1
    Processed in 0.00 seconds
    starting compilation...
    finished in 0.00 seconds. Local cache hits 1 (0.00s CPU time), remote cache hits 0 (0.00s CPU time), compiled 0 variants (0.00s CPU time), skipped 0 variants
    Prepared data for serialisation in 0.00s
Compiling shader "Hidden/Internal-GUITexture" pass "" (fp)
    Full variant space:         1
    After settings filtering:   1
    After built-in stripping:   1
    After scriptable stripping: 1
    Processed in 0.00 seconds
    starting compilation...
    finished in 0.00 seconds. Local cache hits 1 (0.00s CPU time), remote cache hits 0 (0.00s CPU time), compiled 0 variants (0.00s CPU time), skipped 0 variants
    Prepared data for serialisation in 0.00s
Serialized binary data for shader Hidden/Internal-GUITexture in 0.00s
    d3d11 (total internal programs: 4, unique: 2)
Compiling shader "Hidden/Internal-GUITextureBlit" pass "" (vp)
    Full variant space:         1
    After settings filtering:   1
    After built-in stripping:   1
    After scriptable stripping: 1
    Processed in 0.00 seconds
    starting compilation...
    finished in 0.00 seconds. Local cache hits 1 (0.00s CPU time), remote cache hits 0 (0.00s CPU time), compiled 0 variants (0.00s CPU time), skipped 0 variants
    Prepared data for serialisation in 0.00s
Compiling shader "Hidden/Internal-GUITextureBlit" pass "" (fp)
    Full variant space:         1
    After settings filtering:   1
    After built-in stripping:   1
    After scriptable stripping: 1
    Processed in 0.00 seconds
    starting compilation...
    finished in 0.00 seconds. Local cache hits 1 (0.00s CPU time), remote cache hits 0 (0.00s CPU time), compiled 0 variants (0.00s CPU time), skipped 0 variants
    Prepared data for serialisation in 0.00s
Compiling shader "Hidden/Internal-GUITextureBlit" pass "" (vp)
    Full variant space:         1
    After settings filtering:   1
    After built-in stripping:   1
    After scriptable stripping: 1
    Processed in 0.00 seconds
    starting compilation...
    finished in 0.00 seconds. Local cache hits 1 (0.00s CPU time), remote cache hits 0 (0.00s CPU time), compiled 0 variants (0.00s CPU time), skipped 0 variants
    Prepared data for serialisation in 0.00s
Compiling shader "Hidden/Internal-GUITextureBlit" pass "" (fp)
    Full variant space:         1
    After settings filtering:   1
    After built-in stripping:   1
    After scriptable stripping: 1
    Processed in 0.00 seconds
    starting compilation...
    finished in 0.00 seconds. Local cache hits 1 (0.00s CPU time), remote cache hits 0 (0.00s CPU time), compiled 0 variants (0.00s CPU time), skipped 0 variants
    Prepared data for serialisation in 0.00s
Serialized binary data for shader Hidden/Internal-GUITextureBlit in 0.00s
    d3d11 (total internal programs: 4, unique: 2)
Compiling shader "Hidden/Internal-GUIRoundedRect" pass "" (vp)
    Full variant space:         1
    After settings filtering:   1
    After built-in stripping:   1
    After scriptable stripping: 1
    Processed in 0.00 seconds
    starting compilation...
    finished in 0.00 seconds. Local cache hits 1 (0.00s CPU time), remote cache hits 0 (0.00s CPU time), compiled 0 variants (0.00s CPU time), skipped 0 variants
    Prepared data for serialisation in 0.00s
Compiling shader "Hidden/Internal-GUIRoundedRect" pass "" (fp)
    Full variant space:         1
    After settings filtering:   1
    After built-in stripping:   1
    After scriptable stripping: 1
    Processed in 0.00 seconds
    starting compilation...
    finished in 0.00 seconds. Local cache hits 1 (0.00s CPU time), remote cache hits 0 (0.00s CPU time), compiled 0 variants (0.00s CPU time), skipped 0 variants
    Prepared data for serialisation in 0.00s
Compiling shader "Hidden/Internal-GUIRoundedRect" pass "" (vp)
    Full variant space:         1
    After settings filtering:   1
    After built-in stripping:   1
    After scriptable stripping: 1
    Processed in 0.00 seconds
    starting compilation...
    finished in 0.00 seconds. Local cache hits 1 (0.00s CPU time), remote cache hits 0 (0.00s CPU time), compiled 0 variants (0.00s CPU time), skipped 0 variants
    Prepared data for serialisation in 0.00s
Compiling shader "Hidden/Internal-GUIRoundedRect" pass "" (fp)
    Full variant space:         1
    After settings filtering:   1
    After built-in stripping:   1
    After scriptable stripping: 1
    Processed in 0.00 seconds
    starting compilation...
    finished in 0.00 seconds. Local cache hits 1 (0.00s CPU time), remote cache hits 0 (0.00s CPU time), compiled 0 variants (0.00s CPU time), skipped 0 variants
    Prepared data for serialisation in 0.00s
Serialized binary data for shader Hidden/Internal-GUIRoundedRect in 0.00s
    d3d11 (total internal programs: 4, unique: 2)
Compiling shader "Hidden/Internal-GUIRoundedRectWithColorPerBorder" pass "" (vp)
    Full variant space:         1
    After settings filtering:   1
    After built-in stripping:   1
    After scriptable stripping: 1
    Processed in 0.00 seconds
    starting compilation...
    finished in 0.00 seconds. Local cache hits 1 (0.00s CPU time), remote cache hits 0 (0.00s CPU time), compiled 0 variants (0.00s CPU time), skipped 0 variants
    Prepared data for serialisation in 0.00s
Compiling shader "Hidden/Internal-GUIRoundedRectWithColorPerBorder" pass "" (fp)
    Full variant space:         1
    After settings filtering:   1
    After built-in stripping:   1
    After scriptable stripping: 1
    Processed in 0.00 seconds
    starting compilation...
    finished in 0.00 seconds. Local cache hits 1 (0.00s CPU time), remote cache hits 0 (0.00s CPU time), compiled 0 variants (0.00s CPU time), skipped 0 variants
    Prepared data for serialisation in 0.00s
Compiling shader "Hidden/Internal-GUIRoundedRectWithColorPerBorder" pass "" (vp)
    Full variant space:         1
    After settings filtering:   1
    After built-in stripping:   1
    After scriptable stripping: 1
    Processed in 0.00 seconds
    starting compilation...
    finished in 0.00 seconds. Local cache hits 1 (0.00s CPU time), remote cache hits 0 (0.00s CPU time), compiled 0 variants (0.00s CPU time), skipped 0 variants
    Prepared data for serialisation in 0.00s
Compiling shader "Hidden/Internal-GUIRoundedRectWithColorPerBorder" pass "" (fp)
    Full variant space:         1
    After settings filtering:   1
    After built-in stripping:   1
    After scriptable stripping: 1
    Processed in 0.00 seconds
    starting compilation...
    finished in 0.00 seconds. Local cache hits 1 (0.00s CPU time), remote cache hits 0 (0.00s CPU time), compiled 0 variants (0.00s CPU time), skipped 0 variants
    Prepared data for serialisation in 0.00s
Serialized binary data for shader Hidden/Internal-GUIRoundedRectWithColorPerBorder in 0.00s
    d3d11 (total internal programs: 4, unique: 2)
Compiling shader "Hidden/Internal-UIRDefault" pass "" (vp)
    Full variant space:         1
    After settings filtering:   1
    After built-in stripping:   1
    After scriptable stripping: 1
    Processed in 0.00 seconds
    starting compilation...
    finished in 0.10 seconds. Local cache hits 0 (0.00s CPU time), remote cache hits 0 (0.00s CPU time), compiled 1 variants (0.10s CPU time), skipped 0 variants
    Prepared data for serialisation in 0.00s
Compiling shader "Hidden/Internal-UIRDefault" pass "" (fp)
    Full variant space:         1
    After settings filtering:   1
    After built-in stripping:   1
    After scriptable stripping: 1
    Processed in 0.00 seconds
    starting compilation...
    finished in 0.17 seconds. Local cache hits 0 (0.00s CPU time), remote cache hits 0 (0.00s CPU time), compiled 1 variants (0.17s CPU time), skipped 0 variants
    Prepared data for serialisation in 0.00s
Compiling shader "Hidden/Internal-UIRDefault" pass "" (vp)
    Full variant space:         1
    After settings filtering:   1
    After built-in stripping:   1
    After scriptable stripping: 1
    Processed in 0.00 seconds
    starting compilation...
    finished in 0.08 seconds. Local cache hits 0 (0.00s CPU time), remote cache hits 0 (0.00s CPU time), compiled 1 variants (0.08s CPU time), skipped 0 variants
    Prepared data for serialisation in 0.00s
Compiling shader "Hidden/Internal-UIRDefault" pass "" (fp)
    Full variant space:         1
    After settings filtering:   1
    After built-in stripping:   1
    After scriptable stripping: 1
    Processed in 0.00 seconds
    starting compilation...
    finished in 0.18 seconds. Local cache hits 0 (0.00s CPU time), remote cache hits 0 (0.00s CPU time), compiled 1 variants (0.18s CPU time), skipped 0 variants
    Prepared data for serialisation in 0.00s
Serialized binary data for shader Hidden/Internal-UIRDefault in 0.00s
    d3d11 (total internal programs: 4, unique: 4)
Compiling shader "Hidden/Internal-UIRAtlasBlitCopy" pass "" (vp)
    Full variant space:         1
    After settings filtering:   1
    After built-in stripping:   1
    After scriptable stripping: 1
    Processed in 0.00 seconds
    starting compilation...
    finished in 0.00 seconds. Local cache hits 1 (0.00s CPU time), remote cache hits 0 (0.00s CPU time), compiled 0 variants (0.00s CPU time), skipped 0 variants
    Prepared data for serialisation in 0.00s
Compiling shader "Hidden/Internal-UIRAtlasBlitCopy" pass "" (fp)
    Full variant space:         1
    After settings filtering:   1
    After built-in stripping:   1
    After scriptable stripping: 1
    Processed in 0.00 seconds
    starting compilation...
    finished in 0.00 seconds. Local cache hits 1 (0.00s CPU time), remote cache hits 0 (0.00s CPU time), compiled 0 variants (0.00s CPU time), skipped 0 variants
    Prepared data for serialisation in 0.00s
Serialized binary data for shader Hidden/Internal-UIRAtlasBlitCopy in 0.00s
    d3d11 (total internal programs: 2, unique: 2)
Compiling shader "Hidden/Internal-UIRDefaultWorld" pass "" (vp)
    Full variant space:         1
    After settings filtering:   1
    After built-in stripping:   1
    After scriptable stripping: 1
    Processed in 0.00 seconds
    starting compilation...
    finished in 0.12 seconds. Local cache hits 0 (0.00s CPU time), remote cache hits 0 (0.00s CPU time), compiled 1 variants (0.12s CPU time), skipped 0 variants
    Prepared data for serialisation in 0.00s
Compiling shader "Hidden/Internal-UIRDefaultWorld" pass "" (fp)
    Full variant space:         1
    After settings filtering:   1
    After built-in stripping:   1
    After scriptable stripping: 1
    Processed in 0.00 seconds
    starting compilation...
    finished in 0.18 seconds. Local cache hits 0 (0.00s CPU time), remote cache hits 0 (0.00s CPU time), compiled 1 variants (0.18s CPU time), skipped 0 variants
    Prepared data for serialisation in 0.00s
Compiling shader "Hidden/Internal-UIRDefaultWorld" pass "" (vp)
    Full variant space:         1
    After settings filtering:   1
    After built-in stripping:   1
    After scriptable stripping: 1
    Processed in 0.00 seconds
    starting compilation...
    finished in 0.08 seconds. Local cache hits 0 (0.00s CPU time), remote cache hits 0 (0.00s CPU time), compiled 1 variants (0.08s CPU time), skipped 0 variants
    Prepared data for serialisation in 0.00s
Compiling shader "Hidden/Internal-UIRDefaultWorld" pass "" (fp)
    Full variant space:         1
    After settings filtering:   1
    After built-in stripping:   1
    After scriptable stripping: 1
    Processed in 0.00 seconds
    starting compilation...
    finished in 0.15 seconds. Local cache hits 0 (0.00s CPU time), remote cache hits 0 (0.00s CPU time), compiled 1 variants (0.15s CPU time), skipped 0 variants
    Prepared data for serialisation in 0.00s
Serialized binary data for shader Hidden/Internal-UIRDefaultWorld in 0.00s
    d3d11 (total internal programs: 4, unique: 4)
Compiling shader "Sprites/Mask" pass "" (vp)
    Full variant space:         4
    After settings filtering:   4
    After built-in stripping:   4
    After scriptable stripping: 4
    Processed in 0.00 seconds
    starting compilation...
    finished in 0.03 seconds. Local cache hits 0 (0.00s CPU time), remote cache hits 0 (0.00s CPU time), compiled 4 variants (0.11s CPU time), skipped 0 variants
    Prepared data for serialisation in 0.00s
Compiling shader "Sprites/Mask" pass "" (fp)
    Full variant space:         4
    After settings filtering:   4
    After built-in stripping:   4
    After scriptable stripping: 4
    Processed in 0.00 seconds
    starting compilation...
    finished in 0.03 seconds. Local cache hits 0 (0.00s CPU time), remote cache hits 0 (0.00s CPU time), compiled 4 variants (0.10s CPU time), skipped 0 variants
    Prepared data for serialisation in 0.00s
Serialized binary data for shader Sprites/Mask in 0.00s
    d3d11 (total internal programs: 8, unique: 8)
Compiling shader "UI/Default" pass "Default" (vp)
    Full variant space:         4
    After settings filtering:   4
    After built-in stripping:   4
    After scriptable stripping: 4
    Processed in 0.00 seconds
    starting compilation...
    finished in 0.05 seconds. Local cache hits 1 (0.00s CPU time), remote cache hits 0 (0.00s CPU time), compiled 3 variants (0.13s CPU time), skipped 0 variants
    Prepared data for serialisation in 0.00s
Compiling shader "UI/Default" pass "Default" (fp)
    Full variant space:         4
    After settings filtering:   4
    After built-in stripping:   4
    After scriptable stripping: 4
    Processed in 0.00 seconds
    starting compilation...
    finished in 0.06 seconds. Local cache hits 1 (0.00s CPU time), remote cache hits 0 (0.00s CPU time), compiled 3 variants (0.14s CPU time), skipped 0 variants
    Prepared data for serialisation in 0.00s
Serialized binary data for shader UI/Default in 0.00s
    d3d11 (total internal programs: 8, unique: 8)
Serialized binary data for shader UI/Default Font in 0.00s
    d3d11 (total internal programs: 0, unique: 0)
Compiling shader "Hidden/CubeBlur" pass "" (vp)
    Full variant space:         1
    After settings filtering:   1
    After built-in stripping:   1
    After scriptable stripping: 1
    Processed in 0.00 seconds
    starting compilation...
    finished in 0.04 seconds. Local cache hits 0 (0.00s CPU time), remote cache hits 0 (0.00s CPU time), compiled 1 variants (0.04s CPU time), skipped 0 variants
    Prepared data for serialisation in 0.00s
Compiling shader "Hidden/CubeBlur" pass "" (fp)
    Full variant space:         1
    After settings filtering:   1
    After built-in stripping:   1
    After scriptable stripping: 1
    Processed in 0.00 seconds
    starting compilation...
    finished in 0.30 seconds. Local cache hits 0 (0.00s CPU time), remote cache hits 0 (0.00s CPU time), compiled 1 variants (0.30s CPU time), skipped 0 variants
    Prepared data for serialisation in 0.00s
Compiling shader "Hidden/CubeBlur" pass "" (vp)
    Full variant space:         1
    After settings filtering:   1
    After built-in stripping:   1
    After scriptable stripping: 1
    Processed in 0.00 seconds
    starting compilation...
    finished in 0.06 seconds. Local cache hits 0 (0.00s CPU time), remote cache hits 0 (0.00s CPU time), compiled 1 variants (0.06s CPU time), skipped 0 variants
    Prepared data for serialisation in 0.00s
Compiling shader "Hidden/CubeBlur" pass "" (fp)
    Full variant space:         1
    After settings filtering:   1
    After built-in stripping:   1
    After scriptable stripping: 1
    Processed in 0.00 seconds
    starting compilation...
    finished in 0.04 seconds. Local cache hits 0 (0.00s CPU time), remote cache hits 0 (0.00s CPU time), compiled 1 variants (0.04s CPU time), skipped 0 variants
    Prepared data for serialisation in 0.00s
Serialized binary data for shader Hidden/CubeBlur in 0.00s
    d3d11 (total internal programs: 4, unique: 3)
Compiling shader "Hidden/CubeCopy" pass "" (vp)
    Full variant space:         1
    After settings filtering:   1
    After built-in stripping:   1
    After scriptable stripping: 1
    Processed in 0.00 seconds
    starting compilation...
    finished in 0.05 seconds. Local cache hits 0 (0.00s CPU time), remote cache hits 0 (0.00s CPU time), compiled 1 variants (0.05s CPU time), skipped 0 variants
    Prepared data for serialisation in 0.00s
Compiling shader "Hidden/CubeCopy" pass "" (fp)
    Full variant space:         1
    After settings filtering:   1
    After built-in stripping:   1
    After scriptable stripping: 1
    Processed in 0.00 seconds
    starting compilation...
    finished in 0.03 seconds. Local cache hits 0 (0.00s CPU time), remote cache hits 0 (0.00s CPU time), compiled 1 variants (0.03s CPU time), skipped 0 variants
    Prepared data for serialisation in 0.00s
Compiling shader "Hidden/CubeCopy" pass "" (vp)
    Full variant space:         1
    After settings filtering:   1
    After built-in stripping:   1
    After scriptable stripping: 1
    Processed in 0.00 seconds
    starting compilation...
    finished in 0.06 seconds. Local cache hits 0 (0.00s CPU time), remote cache hits 0 (0.00s CPU time), compiled 1 variants (0.06s CPU time), skipped 0 variants
    Prepared data for serialisation in 0.00s
Compiling shader "Hidden/CubeCopy" pass "" (fp)
    Full variant space:         1
    After settings filtering:   1
    After built-in stripping:   1
    After scriptable stripping: 1
    Processed in 0.00 seconds
    starting compilation...
    finished in 0.04 seconds. Local cache hits 0 (0.00s CPU time), remote cache hits 0 (0.00s CPU time), compiled 1 variants (0.04s CPU time), skipped 0 variants
    Prepared data for serialisation in 0.00s
Serialized binary data for shader Hidden/CubeCopy in 0.00s
    d3d11 (total internal programs: 4, unique: 2)
Compiling shader "Hidden/CubeBlend" pass "" (vp)
    Full variant space:         1
    After settings filtering:   1
    After built-in stripping:   1
    After scriptable stripping: 1
    Processed in 0.00 seconds
    starting compilation...
    finished in 0.06 seconds. Local cache hits 0 (0.00s CPU time), remote cache hits 0 (0.00s CPU time), compiled 1 variants (0.06s CPU time), skipped 0 variants
    Prepared data for serialisation in 0.00s
Compiling shader "Hidden/CubeBlend" pass "" (fp)
    Full variant space:         1
    After settings filtering:   1
    After built-in stripping:   1
    After scriptable stripping: 1
    Processed in 0.00 seconds
    starting compilation...
    finished in 0.04 seconds. Local cache hits 0 (0.00s CPU time), remote cache hits 0 (0.00s CPU time), compiled 1 variants (0.04s CPU time), skipped 0 variants
    Prepared data for serialisation in 0.00s
Compiling shader "Hidden/CubeBlend" pass "" (vp)
    Full variant space:         1
    After settings filtering:   1
    After built-in stripping:   1
    After scriptable stripping: 1
    Processed in 0.00 seconds
    starting compilation...
    finished in 0.03 seconds. Local cache hits 0 (0.00s CPU time), remote cache hits 0 (0.00s CPU time), compiled 1 variants (0.03s CPU time), skipped 0 variants
    Prepared data for serialisation in 0.00s
Compiling shader "Hidden/CubeBlend" pass "" (fp)
    Full variant space:         1
    After settings filtering:   1
    After built-in stripping:   1
    After scriptable stripping: 1
    Processed in 0.00 seconds
    starting compilation...
    finished in 0.03 seconds. Local cache hits 0 (0.00s CPU time), remote cache hits 0 (0.00s CPU time), compiled 1 variants (0.03s CPU time), skipped 0 variants
    Prepared data for serialisation in 0.00s
Serialized binary data for shader Hidden/CubeBlend in 0.00s
    d3d11 (total internal programs: 4, unique: 2)
Compiling shader "Hidden/VR/BlitTexArraySlice" pass "" (vp)
    Full variant space:         1
    After settings filtering:   1
    After built-in stripping:   1
    After scriptable stripping: 1
    Processed in 0.00 seconds
    starting compilation...
    finished in 0.03 seconds. Local cache hits 0 (0.00s CPU time), remote cache hits 0 (0.00s CPU time), compiled 1 variants (0.03s CPU time), skipped 0 variants
    Prepared data for serialisation in 0.00s
Compiling shader "Hidden/VR/BlitTexArraySlice" pass "" (fp)
    Full variant space:         1
    After settings filtering:   1
    After built-in stripping:   1
    After scriptable stripping: 1
    Processed in 0.00 seconds
    starting compilation...
    finished in 0.03 seconds. Local cache hits 0 (0.00s CPU time), remote cache hits 0 (0.00s CPU time), compiled 1 variants (0.03s CPU time), skipped 0 variants
    Prepared data for serialisation in 0.00s
Serialized binary data for shader Hidden/VR/BlitTexArraySlice in 0.00s
    d3d11 (total internal programs: 2, unique: 2)
Compiling shader "Hidden/Internal-ODSWorldTexture" pass "" (vp)
    Full variant space:         1
    After settings filtering:   1
    After built-in stripping:   1
    After scriptable stripping: 1
    Processed in 0.00 seconds
    starting compilation...
    finished in 0.05 seconds. Local cache hits 0 (0.00s CPU time), remote cache hits 0 (0.00s CPU time), compiled 1 variants (0.05s CPU time), skipped 0 variants
    Prepared data for serialisation in 0.00s
Compiling shader "Hidden/Internal-ODSWorldTexture" pass "" (fp)
    Full variant space:         1
    After settings filtering:   1
    After built-in stripping:   1
    After scriptable stripping: 1
    Processed in 0.00 seconds
    starting compilation...
    finished in 0.03 seconds. Local cache hits 0 (0.00s CPU time), remote cache hits 0 (0.00s CPU time), compiled 1 variants (0.03s CPU time), skipped 0 variants
    Prepared data for serialisation in 0.00s
Compiling shader "Hidden/Internal-ODSWorldTexture" pass "" (vp)
    Full variant space:         1
    After settings filtering:   1
    After built-in stripping:   1
    After scriptable stripping: 1
    Processed in 0.00 seconds
    starting compilation...
    finished in 0.03 seconds. Local cache hits 0 (0.00s CPU time), remote cache hits 0 (0.00s CPU time), compiled 1 variants (0.03s CPU time), skipped 0 variants
    Prepared data for serialisation in 0.00s
Compiling shader "Hidden/Internal-ODSWorldTexture" pass "" (fp)
    Full variant space:         1
    After settings filtering:   1
    After built-in stripping:   1
    After scriptable stripping: 1
    Processed in 0.00 seconds
    starting compilation...
    finished in 0.02 seconds. Local cache hits 0 (0.00s CPU time), remote cache hits 0 (0.00s CPU time), compiled 1 variants (0.02s CPU time), skipped 0 variants
    Prepared data for serialisation in 0.00s
Compiling shader "Hidden/Internal-ODSWorldTexture" pass "" (vp)
    Full variant space:         1
    After settings filtering:   1
    After built-in stripping:   1
    After scriptable stripping: 1
    Processed in 0.00 seconds
    starting compilation...
    finished in 0.06 seconds. Local cache hits 0 (0.00s CPU time), remote cache hits 0 (0.00s CPU time), compiled 1 variants (0.06s CPU time), skipped 0 variants
    Prepared data for serialisation in 0.00s
Compiling shader "Hidden/Internal-ODSWorldTexture" pass "" (fp)
    Full variant space:         1
    After settings filtering:   1
    After built-in stripping:   1
    After scriptable stripping: 1
    Processed in 0.00 seconds
    starting compilation...
    finished in 0.03 seconds. Local cache hits 0 (0.00s CPU time), remote cache hits 0 (0.00s CPU time), compiled 1 variants (0.03s CPU time), skipped 0 variants
    Prepared data for serialisation in 0.00s
Compiling shader "Hidden/Internal-ODSWorldTexture" pass "" (vp)
    Full variant space:         1
    After settings filtering:   1
    After built-in stripping:   1
    After scriptable stripping: 1
    Processed in 0.00 seconds
    starting compilation...
    finished in 0.09 seconds. Local cache hits 0 (0.00s CPU time), remote cache hits 0 (0.00s CPU time), compiled 1 variants (0.09s CPU time), skipped 0 variants
    Prepared data for serialisation in 0.00s
Compiling shader "Hidden/Internal-ODSWorldTexture" pass "" (fp)
    Full variant space:         1
    After settings filtering:   1
    After built-in stripping:   1
    After scriptable stripping: 1
    Processed in 0.00 seconds
    starting compilation...
    finished in 0.03 seconds. Local cache hits 0 (0.00s CPU time), remote cache hits 0 (0.00s CPU time), compiled 1 variants (0.03s CPU time), skipped 0 variants
    Prepared data for serialisation in 0.00s
Compiling shader "Hidden/Internal-ODSWorldTexture" pass "" (vp)
    Full variant space:         1
    After settings filtering:   1
    After built-in stripping:   1
    After scriptable stripping: 1
    Processed in 0.00 seconds
    starting compilation...
    finished in 0.03 seconds. Local cache hits 0 (0.00s CPU time), remote cache hits 0 (0.00s CPU time), compiled 1 variants (0.03s CPU time), skipped 0 variants
    Prepared data for serialisation in 0.00s
Compiling shader "Hidden/Internal-ODSWorldTexture" pass "" (fp)
    Full variant space:         1
    After settings filtering:   1
    After built-in stripping:   1
    After scriptable stripping: 1
    Processed in 0.00 seconds
    starting compilation...
    finished in 0.02 seconds. Local cache hits 0 (0.00s CPU time), remote cache hits 0 (0.00s CPU time), compiled 1 variants (0.02s CPU time), skipped 0 variants
    Prepared data for serialisation in 0.00s
Compiling shader "Hidden/Internal-ODSWorldTexture" pass "" (vp)
    Full variant space:         1
    After settings filtering:   1
    After built-in stripping:   1
    After scriptable stripping: 1
    Processed in 0.00 seconds
    starting compilation...
    finished in 0.03 seconds. Local cache hits 0 (0.00s CPU time), remote cache hits 0 (0.00s CPU time), compiled 1 variants (0.03s CPU time), skipped 0 variants
    Prepared data for serialisation in 0.00s
Compiling shader "Hidden/Internal-ODSWorldTexture" pass "" (fp)
    Full variant space:         1
    After settings filtering:   1
    After built-in stripping:   1
    After scriptable stripping: 1
    Processed in 0.00 seconds
    starting compilation...
    finished in 0.02 seconds. Local cache hits 0 (0.00s CPU time), remote cache hits 0 (0.00s CPU time), compiled 1 variants (0.02s CPU time), skipped 0 variants
    Prepared data for serialisation in 0.00s
Compiling shader "Hidden/Internal-ODSWorldTexture" pass "" (vp)
    Full variant space:         1
    After settings filtering:   1
    After built-in stripping:   1
    After scriptable stripping: 1
    Processed in 0.00 seconds
    starting compilation...
    finished in 0.03 seconds. Local cache hits 0 (0.00s CPU time), remote cache hits 0 (0.00s CPU time), compiled 1 variants (0.03s CPU time), skipped 0 variants
    Prepared data for serialisation in 0.00s
Compiling shader "Hidden/Internal-ODSWorldTexture" pass "" (fp)
    Full variant space:         1
    After settings filtering:   1
    After built-in stripping:   1
    After scriptable stripping: 1
    Processed in 0.00 seconds
    starting compilation...
    finished in 0.02 seconds. Local cache hits 0 (0.00s CPU time), remote cache hits 0 (0.00s CPU time), compiled 1 variants (0.02s CPU time), skipped 0 variants
    Prepared data for serialisation in 0.00s
Compiling shader "Hidden/Internal-ODSWorldTexture" pass "" (vp)
    Full variant space:         1
    After settings filtering:   1
    After built-in stripping:   1
    After scriptable stripping: 1
    Processed in 0.00 seconds
    starting compilation...
    finished in 0.04 seconds. Local cache hits 0 (0.00s CPU time), remote cache hits 0 (0.00s CPU time), compiled 1 variants (0.04s CPU time), skipped 0 variants
    Prepared data for serialisation in 0.00s
Compiling shader "Hidden/Internal-ODSWorldTexture" pass "" (fp)
    Full variant space:         1
    After settings filtering:   1
    After built-in stripping:   1
    After scriptable stripping: 1
    Processed in 0.00 seconds
    starting compilation...
    finished in 0.02 seconds. Local cache hits 0 (0.00s CPU time), remote cache hits 0 (0.00s CPU time), compiled 1 variants (0.02s CPU time), skipped 0 variants
    Prepared data for serialisation in 0.00s
Compiling shader "Hidden/Internal-ODSWorldTexture" pass "" (vp)
    Full variant space:         1
    After settings filtering:   1
    After built-in stripping:   1
    After scriptable stripping: 1
    Processed in 0.00 seconds
    starting compilation...
    finished in 0.09 seconds. Local cache hits 0 (0.00s CPU time), remote cache hits 0 (0.00s CPU time), compiled 1 variants (0.09s CPU time), skipped 0 variants
    Prepared data for serialisation in 0.00s
Compiling shader "Hidden/Internal-ODSWorldTexture" pass "" (fp)
    Full variant space:         1
    After settings filtering:   1
    After built-in stripping:   1
    After scriptable stripping: 1
    Processed in 0.00 seconds
    starting compilation...
    finished in 0.01 seconds. Local cache hits 0 (0.00s CPU time), remote cache hits 0 (0.00s CPU time), compiled 1 variants (0.01s CPU time), skipped 0 variants
    Prepared data for serialisation in 0.00s
Compiling shader "Hidden/Internal-ODSWorldTexture" pass "" (vp)
    Full variant space:         1
    After settings filtering:   1
    After built-in stripping:   1
    After scriptable stripping: 1
    Processed in 0.00 seconds
    starting compilation...
    finished in 0.05 seconds. Local cache hits 0 (0.00s CPU time), remote cache hits 0 (0.00s CPU time), compiled 1 variants (0.05s CPU time), skipped 0 variants
    Prepared data for serialisation in 0.00s
Compiling shader "Hidden/Internal-ODSWorldTexture" pass "" (fp)
    Full variant space:         1
    After settings filtering:   1
    After built-in stripping:   1
    After scriptable stripping: 1
    Processed in 0.00 seconds
    starting compilation...
    finished in 0.01 seconds. Local cache hits 0 (0.00s CPU time), remote cache hits 0 (0.00s CPU time), compiled 1 variants (0.01s CPU time), skipped 0 variants
    Prepared data for serialisation in 0.00s
Serialized binary data for shader Hidden/Internal-ODSWorldTexture in 0.00s
    d3d11 (total internal programs: 20, unique: 15)
Compiling shader "Hidden/Internal-CubemapToEquirect" pass "" (vp)
    Full variant space:         1
    After settings filtering:   1
    After built-in stripping:   1
    After scriptable stripping: 1
    Processed in 0.00 seconds
    starting compilation...
    finished in 0.02 seconds. Local cache hits 0 (0.00s CPU time), remote cache hits 0 (0.00s CPU time), compiled 1 variants (0.02s CPU time), skipped 0 variants
    Prepared data for serialisation in 0.00s
Compiling shader "Hidden/Internal-CubemapToEquirect" pass "" (fp)
    Full variant space:         1
    After settings filtering:   1
    After built-in stripping:   1
    After scriptable stripping: 1
    Processed in 0.00 seconds
    starting compilation...
    finished in 0.01 seconds. Local cache hits 0 (0.00s CPU time), remote cache hits 0 (0.00s CPU time), compiled 1 variants (0.01s CPU time), skipped 0 variants
    Prepared data for serialisation in 0.00s
Serialized binary data for shader Hidden/Internal-CubemapToEquirect in 0.00s
    d3d11 (total internal programs: 2, unique: 2)
Compiling shader "Hidden/VR/BlitFromTex2DToTexArraySlice" pass "" (vp)
    Full variant space:         1
    After settings filtering:   1
    After built-in stripping:   1
    After scriptable stripping: 1
    Processed in 0.00 seconds
    starting compilation...
    finished in 0.02 seconds. Local cache hits 0 (0.00s CPU time), remote cache hits 0 (0.00s CPU time), compiled 1 variants (0.02s CPU time), skipped 0 variants
    Prepared data for serialisation in 0.00s
Compiling shader "Hidden/VR/BlitFromTex2DToTexArraySlice" pass "" (fp)
    Full variant space:         1
    After settings filtering:   1
    After built-in stripping:   1
    After scriptable stripping: 1
    Processed in 0.00 seconds
    starting compilation...
    finished in 0.01 seconds. Local cache hits 0 (0.00s CPU time), remote cache hits 0 (0.00s CPU time), compiled 1 variants (0.01s CPU time), skipped 0 variants
    Prepared data for serialisation in 0.00s
Compiling shader "Hidden/VR/BlitFromTex2DToTexArraySlice" pass "" (vp)
    Full variant space:         1
    After settings filtering:   1
    After built-in stripping:   1
    After scriptable stripping: 1
    Processed in 0.00 seconds
    starting compilation...
    finished in 0.02 seconds. Local cache hits 0 (0.00s CPU time), remote cache hits 0 (0.00s CPU time), compiled 1 variants (0.02s CPU time), skipped 0 variants
    Prepared data for serialisation in 0.00s
Compiling shader "Hidden/VR/BlitFromTex2DToTexArraySlice" pass "" (fp)
    Full variant space:         1
    After settings filtering:   1
    After built-in stripping:   1
    After scriptable stripping: 1
    Processed in 0.00 seconds
    starting compilation...
    finished in 0.01 seconds. Local cache hits 0 (0.00s CPU time), remote cache hits 0 (0.00s CPU time), compiled 1 variants (0.01s CPU time), skipped 0 variants
    Prepared data for serialisation in 0.00s
Compiling shader "Hidden/VR/BlitFromTex2DToTexArraySlice" pass "" (gp)
    Full variant space:         1
    After settings filtering:   1
    After built-in stripping:   1
    After scriptable stripping: 1
    Processed in 0.00 seconds
    starting compilation...
    finished in 0.01 seconds. Local cache hits 0 (0.00s CPU time), remote cache hits 0 (0.00s CPU time), compiled 1 variants (0.01s CPU time), skipped 0 variants
    Prepared data for serialisation in 0.00s
Serialized binary data for shader Hidden/VR/BlitFromTex2DToTexArraySlice in 0.00s
    d3d11 (total internal programs: 5, unique: 5)
Compiling shader "Hidden/VideoComposite" pass "Default" (vp)
    Full variant space:         1
    After settings filtering:   1
    After built-in stripping:   1
    After scriptable stripping: 1
    Processed in 0.00 seconds
    starting compilation...
    finished in 0.02 seconds. Local cache hits 0 (0.00s CPU time), remote cache hits 0 (0.00s CPU time), compiled 1 variants (0.02s CPU time), skipped 0 variants
    Prepared data for serialisation in 0.00s
Compiling shader "Hidden/VideoComposite" pass "Default" (fp)
    Full variant space:         1
    After settings filtering:   1
    After built-in stripping:   1
    After scriptable stripping: 1
    Processed in 0.00 seconds
    starting compilation...
    finished in 0.01 seconds. Local cache hits 0 (0.00s CPU time), remote cache hits 0 (0.00s CPU time), compiled 1 variants (0.01s CPU time), skipped 0 variants
    Prepared data for serialisation in 0.00s
Serialized binary data for shader Hidden/VideoComposite in 0.00s
    d3d11 (total internal programs: 2, unique: 2)
Compiling shader "Hidden/VideoDecode" pass "YCbCr_To_RGB1" (vp)
    Full variant space:         2
    After settings filtering:   2
    After built-in stripping:   2
    After scriptable stripping: 2
    Processed in 0.00 seconds
    starting compilation...
    finished in 0.02 seconds. Local cache hits 0 (0.00s CPU time), remote cache hits 0 (0.00s CPU time), compiled 2 variants (0.04s CPU time), skipped 0 variants
    Prepared data for serialisation in 0.00s
Compiling shader "Hidden/VideoDecode" pass "YCbCr_To_RGB1" (fp)
    Full variant space:         2
    After settings filtering:   2
    After built-in stripping:   2
    After scriptable stripping: 2
    Processed in 0.00 seconds
    starting compilation...
    finished in 0.02 seconds. Local cache hits 0 (0.00s CPU time), remote cache hits 0 (0.00s CPU time), compiled 2 variants (0.04s CPU time), skipped 0 variants
    Prepared data for serialisation in 0.00s
Compiling shader "Hidden/VideoDecode" pass "YCbCrA_To_RGBAFull" (vp)
    Full variant space:         2
    After settings filtering:   2
    After built-in stripping:   2
    After scriptable stripping: 2
    Processed in 0.00 seconds
    starting compilation...
    finished in 0.12 seconds. Local cache hits 0 (0.00s CPU time), remote cache hits 0 (0.00s CPU time), compiled 2 variants (0.13s CPU time), skipped 0 variants
    Prepared data for serialisation in 0.00s
Compiling shader "Hidden/VideoDecode" pass "YCbCrA_To_RGBAFull" (fp)
    Full variant space:         2
    After settings filtering:   2
    After built-in stripping:   2
    After scriptable stripping: 2
    Processed in 0.00 seconds
    starting compilation...
    finished in 0.03 seconds. Local cache hits 0 (0.00s CPU time), remote cache hits 0 (0.00s CPU time), compiled 2 variants (0.04s CPU time), skipped 0 variants
    Prepared data for serialisation in 0.00s
Compiling shader "Hidden/VideoDecode" pass "YCbCrA_To_RGBA" (vp)
    Full variant space:         2
    After settings filtering:   2
    After built-in stripping:   2
    After scriptable stripping: 2
    Processed in 0.00 seconds
    starting compilation...
    finished in 0.02 seconds. Local cache hits 0 (0.00s CPU time), remote cache hits 0 (0.00s CPU time), compiled 2 variants (0.03s CPU time), skipped 0 variants
    Prepared data for serialisation in 0.00s
Compiling shader "Hidden/VideoDecode" pass "YCbCrA_To_RGBA" (fp)
    Full variant space:         2
    After settings filtering:   2
    After built-in stripping:   2
    After scriptable stripping: 2
    Processed in 0.00 seconds
    starting compilation...
    finished in 0.02 seconds. Local cache hits 0 (0.00s CPU time), remote cache hits 0 (0.00s CPU time), compiled 2 variants (0.03s CPU time), skipped 0 variants
    Prepared data for serialisation in 0.00s
Compiling shader "Hidden/VideoDecode" pass "Flip_RGBA_To_RGBA" (vp)
    Full variant space:         2
    After settings filtering:   2
    After built-in stripping:   2
    After scriptable stripping: 2
    Processed in 0.00 seconds
    starting compilation...
    finished in 0.02 seconds. Local cache hits 0 (0.00s CPU time), remote cache hits 0 (0.00s CPU time), compiled 2 variants (0.03s CPU time), skipped 0 variants
    Prepared data for serialisation in 0.00s
Compiling shader "Hidden/VideoDecode" pass "Flip_RGBA_To_RGBA" (fp)
    Full variant space:         2
    After settings filtering:   2
    After built-in stripping:   2
    After scriptable stripping: 2
    Processed in 0.00 seconds
    starting compilation...
    finished in 0.01 seconds. Local cache hits 0 (0.00s CPU time), remote cache hits 0 (0.00s CPU time), compiled 2 variants (0.02s CPU time), skipped 0 variants
    Prepared data for serialisation in 0.00s
Compiling shader "Hidden/VideoDecode" pass "Flip_RGBASplit_To_RGBA" (vp)
    Full variant space:         2
    After settings filtering:   2
    After built-in stripping:   2
    After scriptable stripping: 2
    Processed in 0.00 seconds
    starting compilation...
    finished in 0.02 seconds. Local cache hits 0 (0.00s CPU time), remote cache hits 0 (0.00s CPU time), compiled 2 variants (0.03s CPU time), skipped 0 variants
    Prepared data for serialisation in 0.00s
Compiling shader "Hidden/VideoDecode" pass "Flip_RGBASplit_To_RGBA" (fp)
    Full variant space:         2
    After settings filtering:   2
    After built-in stripping:   2
    After scriptable stripping: 2
    Processed in 0.00 seconds
    starting compilation...
    finished in 0.01 seconds. Local cache hits 0 (0.00s CPU time), remote cache hits 0 (0.00s CPU time), compiled 2 variants (0.03s CPU time), skipped 0 variants
    Prepared data for serialisation in 0.00s
Compiling shader "Hidden/VideoDecode" pass "Flip_NV12_To_RGB1" (vp)
    Full variant space:         2
    After settings filtering:   2
    After built-in stripping:   2
    After scriptable stripping: 2
    Processed in 0.00 seconds
    starting compilation...
    finished in 0.03 seconds. Local cache hits 0 (0.00s CPU time), remote cache hits 0 (0.00s CPU time), compiled 2 variants (0.05s CPU time), skipped 0 variants
    Prepared data for serialisation in 0.00s
Compiling shader "Hidden/VideoDecode" pass "Flip_NV12_To_RGB1" (fp)
    Full variant space:         2
    After settings filtering:   2
    After built-in stripping:   2
    After scriptable stripping: 2
    Processed in 0.00 seconds
    starting compilation...
    finished in 0.02 seconds. Local cache hits 0 (0.00s CPU time), remote cache hits 0 (0.00s CPU time), compiled 2 variants (0.04s CPU time), skipped 0 variants
    Prepared data for serialisation in 0.00s
Compiling shader "Hidden/VideoDecode" pass "Flip_NV12_To_RGBA" (vp)
    Full variant space:         2
    After settings filtering:   2
    After built-in stripping:   2
    After scriptable stripping: 2
    Processed in 0.00 seconds
    starting compilation...
    finished in 0.02 seconds. Local cache hits 0 (0.00s CPU time), remote cache hits 0 (0.00s CPU time), compiled 2 variants (0.04s CPU time), skipped 0 variants
    Prepared data for serialisation in 0.00s
Compiling shader "Hidden/VideoDecode" pass "Flip_NV12_To_RGBA" (fp)
    Full variant space:         2
    After settings filtering:   2
    After built-in stripping:   2
    After scriptable stripping: 2
    Processed in 0.00 seconds
    starting compilation...
    finished in 0.02 seconds. Local cache hits 0 (0.00s CPU time), remote cache hits 0 (0.00s CPU time), compiled 2 variants (0.03s CPU time), skipped 0 variants
    Prepared data for serialisation in 0.00s
Compiling shader "Hidden/VideoDecode" pass "Flip_P010_To_RGB1" (vp)
    Full variant space:         1
    After settings filtering:   1
    After built-in stripping:   1
    After scriptable stripping: 1
    Processed in 0.00 seconds
    starting compilation...
    finished in 0.02 seconds. Local cache hits 0 (0.00s CPU time), remote cache hits 0 (0.00s CPU time), compiled 1 variants (0.02s CPU time), skipped 0 variants
    Prepared data for serialisation in 0.00s
Compiling shader "Hidden/VideoDecode" pass "Flip_P010_To_RGB1" (fp)
    Full variant space:         1
    After settings filtering:   1
    After built-in stripping:   1
    After scriptable stripping: 1
    Processed in 0.00 seconds
    starting compilation...
    finished in 0.01 seconds. Local cache hits 0 (0.00s CPU time), remote cache hits 0 (0.00s CPU time), compiled 1 variants (0.01s CPU time), skipped 0 variants
    Prepared data for serialisation in 0.00s
Serialized binary data for shader Hidden/VideoDecode in 0.00s
    d3d11 (total internal programs: 30, unique: 19)
Compiling shader "Hidden/TextCore/Distance Field SSD" pass "" (vp)
    Full variant space:         1
    After settings filtering:   1
    After built-in stripping:   1
    After scriptable stripping: 1
    Processed in 0.00 seconds
    starting compilation...
    finished in 0.03 seconds. Local cache hits 0 (0.00s CPU time), remote cache hits 0 (0.00s CPU time), compiled 1 variants (0.03s CPU time), skipped 0 variants
    Prepared data for serialisation in 0.00s
Compiling shader "Hidden/TextCore/Distance Field SSD" pass "" (fp)
    Full variant space:         1
    After settings filtering:   1
    After built-in stripping:   1
    After scriptable stripping: 1
    Processed in 0.00 seconds
    starting compilation...
    finished in 0.02 seconds. Local cache hits 0 (0.00s CPU time), remote cache hits 0 (0.00s CPU time), compiled 1 variants (0.02s CPU time), skipped 0 variants
    Prepared data for serialisation in 0.00s
Serialized binary data for shader Hidden/TextCore/Distance Field SSD in 0.00s
    d3d11 (total internal programs: 2, unique: 2)
info: Microsoft.AspNetCore.Hosting.Diagnostics[1]
      Request starting HTTP/2 POST http://ilpp/UnityILPP.PostProcessing/Ping application/grpc -
info: Microsoft.AspNetCore.Routing.EndpointMiddleware[0]
      Executing endpoint 'gRPC - /UnityILPP.PostProcessing/Ping'
info: Microsoft.AspNetCore.Routing.EndpointMiddleware[1]
      Executed endpoint 'gRPC - /UnityILPP.PostProcessing/Ping'
info: Microsoft.AspNetCore.Hosting.Diagnostics[2]
      Request finished HTTP/2 POST http://ilpp/UnityILPP.PostProcessing/Ping application/grpc - - 200 - application/grpc 6.3062ms
Starting: C:\Program Files\Unity 2022.3.62f3\Editor\Data\bee_backend.exe --ipc --dagfile="Library/Bee/Player3e005ace.dag" --profile="Library/Bee/backend1.traceevents" Player
WorkingDir: C:/Users/hifzu/Downloads/Re9lay
[             ] Require frontend run.  Library/Bee/Player3e005ace.dag couldn't be loaded
Starting: C:\Program Files\Unity 2022.3.62f3\Editor\Data\Tools\netcorerun\netcorerun.exe "C:\Program Files\Unity 2022.3.62f3\Editor\Data\PlaybackEngines\WindowsStandaloneSupport\WinPlayerBuildProgram.exe" "C:/Program Files/Unity 2022.3.62f3/Editor/Data/PlaybackEngines/WindowsStandaloneSupport/Bee;C:/Program Files/Unity 2022.3.62f3/Editor/Data/Tools/BuildPipeline" "Library/Bee/Player3e005ace.dag.json" "Library/Bee/Player3e005ace-inputdata.json" "Library\Bee\buildprogram0.traceevents"
WorkingDir: C:/Users/hifzu/Downloads/Re9lay
ExitCode: 4 Duration: 0s107ms
DisplayProgressbar: Incremental Player Build
ExitCode: 0 Duration: 2s841ms
Starting: C:\Program Files\Unity 2022.3.62f3\Editor\Data\bee_backend.exe --ipc --dagfile="Library/Bee/Player3e005ace.dag" --dagfilejson="Library\Bee\Player3e005ace.dag.json" --profile="Library/Bee/backend2.traceevents" Player
WorkingDir: C:/Users/hifzu/Downloads/Re9lay
Finished compiling graph: 168 nodes, 333 flattened edges (333 ToBuild, 0 ToUse), maximum node priority 7
[  1/167    0s] WriteText Library/Bee/artifacts/csharpactions/boot.config_tyr4.info
[  2/167    0s] WriteText Library/Bee/artifacts/WinPlayerBuildProgram/Data/app.info
[  3/167    0s] CopyFiles Builds/Windows/Re9lay_Data/app.info
[  4/167    0s] CopyFiles Builds/Windows/UnityCrashHandler64.exe
[  5/167    0s] CopyFiles Builds/Windows/MonoBleedingEdge/etc/mono/4.5/machine.config
[  6/167    0s] CopyFiles Builds/Windows/MonoBleedingEdge/etc/mono/4.5/web.config
[  7/167    0s] CopyFiles Builds/Windows/MonoBleedingEdge/etc/mono/browscap.ini
[  8/167    0s] CopyFiles Builds/Windows/MonoBleedingEdge/etc/mono/config
[  9/167    0s] CopyFiles Builds/Windows/MonoBleedingEdge/etc/mono/4.5/Browsers/Compat.browser
[ 10/167    0s] CopyFiles Builds/Windows/MonoBleedingEdge/etc/mono/4.5/settings.map
[ 11/167    0s] CopyFiles Builds/Windows/MonoBleedingEdge/etc/mono/4.5/DefaultWsdlHelpGenerator.aspx
[ 12/167    0s] CopyFiles Builds/Windows/MonoBleedingEdge/etc/mono/4.0/Browsers/Compat.browser
[ 13/167    0s] CopyFiles Builds/Windows/MonoBleedingEdge/etc/mono/4.0/DefaultWsdlHelpGenerator.aspx
[ 14/167    0s] CopyFiles Builds/Windows/MonoBleedingEdge/etc/mono/4.0/settings.map
[ 15/167    0s] CopyFiles Builds/Windows/MonoBleedingEdge/etc/mono/2.0/settings.map
[ 16/167    0s] CopyFiles Builds/Windows/MonoBleedingEdge/etc/mono/2.0/DefaultWsdlHelpGenerator.aspx
[ 17/167    0s] CopyFiles Builds/Windows/MonoBleedingEdge/etc/mono/4.0/machine.config
[ 18/167    0s] CopyFiles Builds/Windows/MonoBleedingEdge/etc/mono/4.0/web.config
[ 19/167    0s] CopyFiles Builds/Windows/MonoBleedingEdge/etc/mono/2.0/web.config
[ 20/167    0s] CopyFiles Builds/Windows/MonoBleedingEdge/etc/mono/2.0/Browsers/Compat.browser
[ 21/167    0s] CopyFiles Builds/Windows/Re9lay.exe
[ 22/167    0s] CopyFiles Builds/Windows/MonoBleedingEdge/EmbedRuntime/MonoPosixHelper.dll
[ 23/167    0s] CopyFiles Builds/Windows/Re9lay_Data/Resources/unity default resources
[ 24/167    0s] CopyFiles Builds/Windows/Re9lay_Data/Managed/mscorlib.dll
[ 25/167    0s] CopyFiles Builds/Windows/Re9lay_Data/Managed/System.Xml.dll
[ 26/167    0s] CopyFiles Builds/Windows/MonoBleedingEdge/etc/mono/2.0/machine.config
[ 27/167    0s] CopyFiles Builds/Windows/Re9lay_Data/Managed/System.Xml.Linq.dll
[ 28/167    0s] CopyFiles Builds/Windows/Re9lay_Data/Managed/System.dll
[ 29/167    0s] CopyFiles Builds/Windows/Re9lay_Data/Managed/System.Transactions.dll
[ 30/167    0s] CopyFiles Builds/Windows/Re9lay_Data/Managed/System.ServiceModel.Internals.dll
[ 31/167    0s] CopyFiles Builds/Windows/Re9lay_Data/Managed/System.Numerics.dll
[ 32/167    0s] CopyFiles Builds/Windows/Re9lay_Data/Managed/System.Security.dll
[ 33/167    0s] CopyFiles Builds/Windows/Re9lay_Data/Managed/System.Runtime.Serialization.dll
[ 34/167    0s] CopyFiles Builds/Windows/Re9lay_Data/Managed/System.Net.Http.dll
[ 35/167    0s] CopyFiles Builds/Windows/Re9lay_Data/Managed/System.IO.Compression.FileSystem.dll
[ 36/167    0s] CopyFiles Builds/Windows/Re9lay_Data/Managed/System.EnterpriseServices.dll
[ 37/167    0s] CopyFiles Builds/Windows/Re9lay_Data/Managed/System.IO.Compression.dll
[ 38/167    0s] CopyFiles Builds/Windows/Re9lay_Data/Managed/System.Drawing.dll
[ 39/167    0s] CopyFiles Builds/Windows/Re9lay_Data/Managed/System.Data.dll
[ 40/167    0s] CopyFiles Builds/Windows/Re9lay_Data/Managed/System.Data.DataSetExtensions.dll
[ 41/167    0s] CopyFiles Builds/Windows/Re9lay_Data/Managed/System.Configuration.dll
[ 42/167    0s] CopyFiles Builds/Windows/Re9lay_Data/Managed/System.ComponentModel.Composition.dll
[ 43/167    0s] CopyFiles Builds/Windows/Re9lay_Data/Managed/Mono.Security.dll
[ 44/167    0s] CopyFiles Builds/Windows/Re9lay_Data/Managed/netstandard.dll
[ 45/167    0s] CopyFiles Builds/Windows/Re9lay_Data/Managed/System.Core.dll
[ 46/167    0s] CopyFiles Builds/Windows/Re9lay_Data/Managed/Newtonsoft.Json.dll
[ 47/167    0s] CopyFiles Builds/Windows/Re9lay_Data/Managed/UnityEngine.Purchasing.dll
[ 48/167    0s] CopyFiles Builds/Windows/Re9lay_Data/Managed/Unity.Services.Core.Registration.dll
[ 49/167    0s] CopyFiles Builds/Windows/Re9lay_Data/Managed/Unity.TextMeshPro.dll
[ 50/167    0s] CopyFiles Builds/Windows/Re9lay_Data/Managed/UnityEngine.Purchasing.Codeless.dll
[ 51/167    0s] CopyFiles Builds/Windows/Re9lay_Data/Managed/Unity.Services.Analytics.dll
[ 52/167    0s] CopyFiles Builds/Windows/MonoBleedingEdge/etc/mono/mconfig/config.xml
[ 53/167    0s] CopyFiles Builds/Windows/Re9lay_Data/Managed/UnityEngine.Purchasing.SecurityCore.dll
[ 54/167    0s] CopyFiles Builds/Windows/Re9lay_Data/Managed/UnityEngine.Purchasing.WinRTStub.dll
[ 55/167    0s] CopyFiles Builds/Windows/Re9lay_Data/Managed/Unity.Services.Core.Analytics.dll
[ 56/167    0s] CopyFiles Builds/Windows/Re9lay_Data/Managed/Unity.Services.Core.Configuration.dll
[ 57/167    0s] CopyFiles Builds/Windows/Re9lay_Data/Managed/Unity.Services.Core.Scheduler.dll
[ 58/167    0s] CopyFiles Builds/Windows/Re9lay_Data/Managed/Unity.Timeline.dll
[ 59/167    0s] CopyFiles Builds/Windows/Re9lay_Data/Managed/Unity.Services.Core.Environments.dll
[ 60/167    0s] CopyFiles Builds/Windows/Re9lay_Data/Managed/Unity.Services.Core.Telemetry.dll
[ 61/167    0s] CopyFiles Builds/Windows/Re9lay_Data/Managed/UnityEngine.SpatialTracking.dll
[ 62/167    0s] CopyFiles Builds/Windows/Re9lay_Data/Managed/UnityEngine.UI.dll
[ 63/167    0s] CopyFiles Builds/Windows/Re9lay_Data/Managed/Unity.Services.Core.Components.dll
[ 64/167    0s] CopyFiles Builds/Windows/Re9lay_Data/Managed/Unity.Services.Core.Networking.dll
[ 65/167    0s] CopyFiles Builds/Windows/Re9lay_Data/Managed/Purchasing.Common.dll
[ 66/167    0s] CopyFiles Builds/Windows/Re9lay_Data/Managed/Unity.Services.Core.Device.dll
[ 67/167    0s] CopyFiles Builds/Windows/Re9lay_Data/Managed/Unity.Services.Core.Threading.dll
[ 68/167    0s] CopyFiles Builds/Windows/Re9lay_Data/Managed/UnityEngine.Advertisements.dll
[ 69/167    0s] CopyFiles Builds/Windows/Re9lay_Data/Managed/Unity.Analytics.DataPrivacy.dll
[ 70/167    0s] CopyFiles Builds/Windows/Re9lay_Data/Managed/Unity.Services.Core.dll
[ 71/167    0s] CopyFiles Builds/Windows/Re9lay_Data/Managed/UnityEngine.Purchasing.WinRTCore.dll
[ 72/167    0s] CopyFiles Builds/Windows/Re9lay_Data/Managed/Unity.Services.Core.Internal.dll
[ 73/167    0s] CopyFiles Builds/Windows/Re9lay_Data/Managed/Unity.Services.Core.Environments.Internal.dll
[ 74/167    0s] CopyFiles Builds/Windows/Re9lay_Data/Managed/UnityEngine.Purchasing.SecurityStub.dll
[ 75/167    0s] CopyFiles Builds/Windows/Re9lay_Data/Managed/UnityEngine.Purchasing.AppleStub.dll
[ 76/167    0s] CopyFiles Builds/Windows/Re9lay_Data/Managed/UnityEngine.XR.LegacyInputHelpers.dll
[ 77/167    0s] CopyFiles Builds/Windows/Re9lay_Data/Managed/Unity.AI.Navigation.dll
[ 78/167    0s] CopyFiles Builds/Windows/Re9lay_Data/Managed/UnityEngine.Purchasing.Stores.dll
[ 79/167    0s] CopyFiles Builds/Windows/Re9lay_Data/Managed/UnityEngine.Purchasing.AppleCore.dll
[ 80/167    0s] CopyFiles Builds/Windows/Re9lay_Data/Managed/MCPForUnity.Runtime.dll
[ 81/167    0s] CopyFiles Builds/Windows/Re9lay_Data/Managed/UnityEngine.Purchasing.AppleMacosStub.dll
[ 82/167    0s] CopyFiles Builds/Windows/Re9lay_Data/Managed/Assembly-CSharp.dll
[ 83/167    0s] CopyFiles Builds/Windows/Re9lay_Data/Managed/UnityEngine.XRModule.dll
[ 84/167    0s] CopyFiles Builds/Windows/Re9lay_Data/Managed/UnityEngine.dll
[ 85/167    0s] CopyFiles Builds/Windows/Re9lay_Data/Managed/UnityEngine.VideoModule.dll
[ 86/167    0s] CopyFiles Builds/Windows/Re9lay_Data/Managed/UnityEngine.WindModule.dll
[ 87/167    0s] CopyFiles Builds/Windows/Re9lay_Data/Managed/UnityEngine.VehiclesModule.dll
[ 88/167    0s] CopyFiles Builds/Windows/Re9lay_Data/Managed/UnityEngine.VirtualTexturingModule.dll
[ 89/167    0s] CopyFiles Builds/Windows/Re9lay_Data/Managed/UnityEngine.UnityWebRequestWWWModule.dll
[ 90/167    0s] CopyFiles Builds/Windows/Re9lay_Data/Managed/UnityEngine.VRModule.dll
[ 91/167    0s] CopyFiles Builds/Windows/Re9lay_Data/Managed/UnityEngine.VFXModule.dll
[ 92/167    0s] CopyFiles Builds/Windows/Re9lay_Data/Managed/UnityEngine.UnityWebRequestAssetBundleModule.dll
[ 93/167    0s] CopyFiles Builds/Windows/Re9lay_Data/Managed/UnityEngine.UnityWebRequestModule.dll
[ 94/167    0s] CopyFiles Builds/Windows/Re9lay_Data/Managed/UnityEngine.UnityWebRequestTextureModule.dll
[ 95/167    0s] CopyFiles Builds/Windows/Re9lay_Data/Managed/UnityEngine.UnityWebRequestAudioModule.dll
[ 96/167    0s] CopyFiles Builds/Windows/Re9lay_Data/Managed/UnityEngine.UnityTestProtocolModule.dll
[ 97/167    0s] CopyFiles Builds/Windows/Re9lay_Data/Managed/UnityEngine.UnityAnalyticsCommonModule.dll
[ 98/167    0s] CopyFiles Builds/Windows/Re9lay_Data/Managed/UnityEngine.UnityCurlModule.dll
[ 99/167    0s] CopyFiles Builds/Windows/Re9lay_Data/Managed/UnityEngine.UnityConnectModule.dll
[100/167    0s] CopyFiles Builds/Windows/Re9lay_Data/Managed/UnityEngine.UnityAnalyticsModule.dll
[101/167    0s] CopyFiles Builds/Windows/Re9lay_Data/Managed/UnityEngine.UmbraModule.dll
[102/167    0s] CopyFiles Builds/Windows/Re9lay_Data/Managed/UnityEngine.UIModule.dll
[103/167    0s] CopyFiles Builds/Windows/Re9lay_Data/Managed/UnityEngine.UIElementsModule.dll
[104/167    0s] CopyFiles Builds/Windows/Re9lay_Data/Managed/UnityEngine.TextRenderingModule.dll
[105/167    0s] CopyFiles Builds/Windows/Re9lay_Data/Managed/UnityEngine.TilemapModule.dll
[106/167    0s] CopyFiles Builds/Windows/Re9lay_Data/Managed/UnityEngine.TextCoreTextEngineModule.dll
[107/167    0s] CopyFiles Builds/Windows/Re9lay_Data/Managed/UnityEngine.TextCoreFontEngineModule.dll
[108/167    0s] CopyFiles Builds/Windows/Re9lay_Data/Managed/UnityEngine.TerrainPhysicsModule.dll
[109/167    0s] CopyFiles Builds/Windows/Re9lay_Data/Managed/UnityEngine.TerrainModule.dll
[110/167    0s] CopyFiles Builds/Windows/Re9lay_Data/Managed/UnityEngine.TLSModule.dll
[111/167    0s] CopyFiles Builds/Windows/Re9lay_Data/Managed/UnityEngine.SubsystemsModule.dll
[112/167    0s] CopyFiles Builds/Windows/Re9lay_Data/Managed/UnityEngine.SpriteShapeModule.dll
[113/167    0s] CopyFiles Builds/Windows/Re9lay_Data/Managed/UnityEngine.SubstanceModule.dll
[114/167    0s] CopyFiles Builds/Windows/Re9lay_Data/Managed/UnityEngine.StreamingModule.dll
[115/167    0s] CopyFiles Builds/Windows/Re9lay_Data/Managed/UnityEngine.SpriteMaskModule.dll
[116/167    0s] CopyFiles Builds/Windows/Re9lay_Data/Managed/UnityEngine.SharedInternalsModule.dll
[117/167    0s] CopyFiles Builds/Windows/Re9lay_Data/Managed/UnityEngine.ScreenCaptureModule.dll
[118/167    0s] CopyFiles Builds/Windows/Re9lay_Data/Managed/UnityEngine.RuntimeInitializeOnLoadManagerInitializerModule.dll
[119/167    0s] CopyFiles Builds/Windows/Re9lay_Data/Managed/UnityEngine.ProfilerModule.dll
[120/167    0s] CopyFiles Builds/Windows/Re9lay_Data/Managed/UnityEngine.PerformanceReportingModule.dll
[121/167    0s] CopyFiles Builds/Windows/Re9lay_Data/Managed/UnityEngine.PropertiesModule.dll
[122/167    0s] CopyFiles Builds/Windows/Re9lay_Data/Managed/UnityEngine.ParticleSystemModule.dll
[123/167    0s] CopyFiles Builds/Windows/Re9lay_Data/Managed/UnityEngine.Physics2DModule.dll
[124/167    0s] CopyFiles Builds/Windows/Re9lay_Data/Managed/UnityEngine.PhysicsModule.dll
[125/167    0s] CopyFiles Builds/Windows/Re9lay_Data/Managed/UnityEngine.NVIDIAModule.dll
[126/167    0s] CopyFiles Builds/Windows/Re9lay_Data/Managed/UnityEngine.JSONSerializeModule.dll
[127/167    0s] CopyFiles Builds/Windows/Re9lay_Data/Managed/UnityEngine.LocalizationModule.dll
[128/167    0s] CopyFiles Builds/Windows/Re9lay_Data/Managed/UnityEngine.InputModule.dll
[129/167    0s] CopyFiles Builds/Windows/Re9lay_Data/Managed/UnityEngine.ImageConversionModule.dll
[130/167    0s] CopyFiles Builds/Windows/Re9lay_Data/Managed/UnityEngine.InputLegacyModule.dll
[131/167    0s] CopyFiles Builds/Windows/Re9lay_Data/Managed/UnityEngine.HotReloadModule.dll
[132/167    0s] CopyFiles Builds/Windows/Re9lay_Data/Managed/UnityEngine.IMGUIModule.dll
[133/167    0s] CopyFiles Builds/Windows/Re9lay_Data/Managed/UnityEngine.GridModule.dll
[134/167    0s] CopyFiles Builds/Windows/Re9lay_Data/Managed/UnityEngine.GameCenterModule.dll
[135/167    0s] CopyFiles Builds/Windows/Re9lay_Data/Managed/UnityEngine.DSPGraphModule.dll
[136/167    0s] CopyFiles Builds/Windows/Re9lay_Data/Managed/UnityEngine.GIModule.dll
[137/167    0s] CopyFiles Builds/Windows/Re9lay_Data/Managed/UnityEngine.DirectorModule.dll
[138/167    0s] CopyFiles Builds/Windows/Re9lay_Data/Managed/UnityEngine.CrashReportingModule.dll
[139/167    0s] CopyFiles Builds/Windows/Re9lay_Data/Managed/UnityEngine.ClothModule.dll
[140/167    0s] CopyFiles Builds/Windows/Re9lay_Data/Managed/UnityEngine.ClusterRendererModule.dll
[141/167    0s] CopyFiles Builds/Windows/Re9lay_Data/Managed/UnityEngine.CoreModule.dll
[142/167    0s] CopyFiles Builds/Windows/Re9lay_Data/Managed/UnityEngine.ContentLoadModule.dll
[143/167    0s] CopyFiles Builds/Windows/Re9lay_Data/Managed/UnityEngine.ClusterInputModule.dll
[144/167    0s] CopyFiles Builds/Windows/Re9lay_Data/Managed/UnityEngine.AudioModule.dll
[145/167    0s] CopyFiles Builds/Windows/Re9lay_Data/Managed/UnityEngine.AssetBundleModule.dll
[146/167    0s] CopyFiles Builds/Windows/Re9lay_Data/Managed/UnityEngine.AnimationModule.dll
[147/167    0s] CopyFiles Builds/Windows/Re9lay_Data/Managed/UnityEngine.AccessibilityModule.dll
[148/167    0s] CopyFiles Builds/Windows/Re9lay_Data/Managed/UnityEngine.AndroidJNIModule.dll
[149/167    0s] CopyFiles Builds/Windows/Re9lay_Data/StreamingAssets/UnityServicesProjectConfiguration.json
[150/167    0s] CopyFiles Builds/Windows/Re9lay_Data/sharedassets0.resource
[151/167    0s] CopyFiles Builds/Windows/Re9lay_Data/Managed/UnityEngine.ARModule.dll
[152/167    0s] CopyFiles Builds/Windows/Re9lay_Data/Managed/UnityEngine.AIModule.dll
[153/167    0s] CopyFiles Builds/Windows/Re9lay_Data/sharedassets0.assets.resS
[154/167    0s] CopyFiles Builds/Windows/Re9lay_Data/Resources/unity_builtin_extra
[155/167    0s] CopyFiles Builds/Windows/Re9lay_Data/ScriptingAssemblies.json
[156/167    0s] CopyFiles Builds/Windows/Re9lay_Data/RuntimeInitializeOnLoads.json
[157/167    0s] CopyFiles Builds/Windows/Re9lay_Data/sharedassets0.assets
[158/167    0s] CopyFiles Builds/Windows/Re9lay_Data/level0
[159/167    0s] CopyFiles Builds/Windows/Re9lay_Data/globalgamemanagers.assets
[160/167    0s] CopyFiles Builds/Windows/Re9lay_Data/globalgamemanagers
[161/167    0s] CopyFiles Builds/Windows/Re9lay_Data/globalgamemanagers.assets.resS
[162/167    0s] CopyFiles Builds/Windows/MonoBleedingEdge/EmbedRuntime/mono-2.0-bdwgc.dll
[163/167    0s] CopyFiles Builds/Windows/Re9lay_Data/resources.assets
[164/167    0s] CopyFiles Builds/Windows/UnityPlayer.dll
[165/167    0s] AddBootConfigGUID Library/Bee/artifacts/WinPlayerBuildProgram/boot.config
[166/167    0s] CopyFiles Builds/Windows/Re9lay_Data/boot.config
*** Tundra build success (4.15 seconds), 166 items updated, 167 evaluated
ExitCode: 0 Duration: 4s271ms
Refreshing native plugins compatible for Editor in 15.16 ms, found 2 plugins.
Preloading 0 native plugins for Editor in 0.00 ms.

-------------------------------------------------------------------------------
Build Report
Uncompressed usage by category (Percentages based on user generated assets only):
Textures               10.9 mb	 98.4% 
Meshes                 0.0 kb	 0.0% 
Animations             7.2 kb	 0.1% 
Sounds                 36.6 kb	 0.3% 
Shaders                5.3 kb	 0.0% 
Other Assets           13.7 kb	 0.1% 
Levels                 0.0 kb	 0.0% 
Scripts                95.3 kb	 0.8% 
Included DLLs          0.0 kb	 0.0% 
File headers           22.7 kb	 0.2% 
Total User Assets      11.1 mb	 100.0% 
Complete build size    77.5 mb
Used Assets and files from the Resources folder, sorted by uncompressed size:
 4.5 mb	 5.8% Assets/Resources/main_menu_logo.png
 2.7 mb	 3.4% Built-in Texture2D: Splash Screen Unity Logo
 1.3 mb	 1.7% Assets/Resources/icon_foreground.png
 1.3 mb	 1.7% Assets/Resources/icon_round.png
 682.8 kb	 0.9% Assets/Resources/icon_background.png
 169.4 kb	 0.2% Assets/Sprites/space_background.png
 103.5 kb	 0.1% Assets/Sprites/explosionufo.png
 102.0 kb	 0.1% Assets/Sprites/spaceship.png
 36.6 kb	 0.0% Assets/Sounds/shot.wav
 34.9 kb	 0.0% Assets/Sprites/idleufo.png
 26.5 kb	 0.0% Assets/Sprites/fireshot.png
 5.6 kb	 0.0% Resources/unity_builtin_extra
 2.5 kb	 0.0% Assets/Sprites/Explosion.anim
 2.4 kb	 0.0% Assets/Sprites/Player.anim
 2.3 kb	 0.0% Assets/Sprites/Enemy.anim
 0.9 kb	 0.0% Assets/Prefab/player_bullet.prefab
 0.7 kb	 0.0% Assets/Prefab/Enemy.prefab
 0.4 kb	 0.0% Assets/Sprites/Spritesheet_64x29_2.controller
 0.4 kb	 0.0% Assets/Prefab/Explosion.prefab
 0.4 kb	 0.0% Assets/Sprites/eSpritesheet_40x30_0.controller
 0.4 kb	 0.0% Built-in Sprite: 
 0.4 kb	 0.0% Assets/Sprites/Explosion.controller
 0.2 kb	 0.0% Packages/com.unity.test-framework/UnityEngine.TestRunner/NUnitExtensions/Runner/RestoreTestContextAfterDomainReload.cs
 0.2 kb	 0.0% Packages/com.unity.services.core/Runtime/Configuration/StreamingAssetsConfigurationLoader.cs
 0.2 kb	 0.0% Packages/com.unity.ads/Runtime/Advertisement/Dispatchers/UnityAdsInitializationListenerMainDispatch.cs
 0.2 kb	 0.0% Packages/com.unity.test-framework/UnityEngine.TestRunner/NUnitExtensions/Runner/UnityLogCheckDelegatingCommand.cs
 0.2 kb	 0.0% Packages/com.unity.test-framework/UnityEngine.TestRunner/Assertions/OutOfOrderExpectedLogMessageException.cs
 0.2 kb	 0.0% Packages/com.unity.services.core/Runtime/Configuration/SerializableProjectConfiguration.cs
 0.2 kb	 0.0% Packages/com.unity.services.core/Runtime/Configuration/ConfigurationCollectionHelper.cs
 0.2 kb	 0.0% Packages/com.unity.purchasing/Runtime/Stores/AppleAppStore/AppleJsonProductDescriptionsDeserializer.cs
 0.2 kb	 0.0% Packages/com.unity.purchasing/Runtime/Stores/Android/GooglePlay/Services/GooglePlayStoreRetrieveProductsService.cs
 0.2 kb	 0.0% Packages/com.unity.purchasing/Runtime/Stores/Android/GooglePlay/Services/GooglePlayStoreFinishTransactionService.cs
 0.2 kb	 0.0% Packages/com.unity.purchasing/Runtime/Stores/Android/GooglePlay/Interfaces/Services/IGooglePlayStoreRetrieveProductsService.cs
 0.2 kb	 0.0% Packages/com.unity.purchasing/Runtime/Stores/Android/GooglePlay/Interfaces/Services/IGooglePlayStoreFinishTransactionService.cs
 0.2 kb	 0.0% Packages/com.unity.purchasing/Runtime/Stores/Android/GooglePlay/AAR/Listeners/GooglePriceChangeConfirmationListener.cs
 0.2 kb	 0.0% Packages/com.unity.services.core/Runtime/Core.Internal/Components/Telemetry/IDiagnosticsComponentProvider.cs
 0.2 kb	 0.0% Packages/com.unity.services.core/Runtime/Core.Internal/Components/Analytics/IAnalyticsStandardEventComponent.cs
 0.2 kb	 0.0% Packages/com.unity.purchasing/Runtime/Stores/Android/GooglePlay/AAR/Interfaces/ISkuDetailsResponseConsolidator.cs
 0.2 kb	 0.0% Packages/com.unity.purchasing/Runtime/Stores/Android/GooglePlay/AAR/Interfaces/IGooglePurchaseUpdatedListener.cs
 0.2 kb	 0.0% Packages/com.unity.purchasing/Runtime/Stores/Android/GooglePlay/AAR/Interfaces/IGooglePurchaseStateEnumProvider.cs
 0.2 kb	 0.0% Packages/com.unity.purchasing/Runtime/Stores/Android/GooglePlay/AAR/Interfaces/IGoogleLastKnownProductService.cs
 0.2 kb	 0.0% Packages/com.unity.purchasing/Runtime/Stores/Android/GooglePlay/AAR/Interfaces/IGoogleFinishTransactionService.cs
 0.2 kb	 0.0% Packages/com.unity.test-framework/UnityEngine.TestRunner/NUnitExtensions/Runner/UnityTestExecutionContext.cs
 0.2 kb	 0.0% Packages/com.unity.test-framework/UnityEngine.TestRunner/NUnitExtensions/Runner/IEnumerableTestMethodCommand.cs
 0.2 kb	 0.0% Packages/com.unity.test-framework/UnityEngine.TestRunner/NUnitExtensions/Commands/EnumerableApplyChangesToContextCommand.cs
 0.2 kb	 0.0% Packages/com.unity.services.core/Runtime/Telemetry/Diagnotstics/DisabledDiagnosticsFactory.cs
 0.2 kb	 0.0% Packages/com.unity.services.core/Runtime/Scheduler/ScheduledInvocationComparer.cs
 0.2 kb	 0.0% Packages/com.unity.services.core/Runtime/Environments/EnvironmentsOptionsExtensions.cs
 0.2 kb	 0.0% Packages/com.unity.services.core/Runtime/Core.Internal/Registry/DependencyTreeInitializeOrderSorter.cs
 0.2 kb	 0.0% Packages/com.unity.services.core/Runtime/Configuration/MemoryConfigurationLoader.cs
 0.2 kb	 0.0% Packages/com.unity.purchasing/Runtime/Stores/Android/GooglePlay/MetricizedGooglePlayStoreExtensions.cs
 0.2 kb	 0.0% Packages/com.unity.purchasing/Runtime/Stores/Android/GooglePlay/Interfaces/IGooglePlayStoreExtensionsInternal.cs
 0.2 kb	 0.0% Packages/com.unity.purchasing/Runtime/Stores/Android/GooglePlay/GetGoogleProductMetadataExtension.cs
 0.2 kb	 0.0% Packages/com.unity.purchasing/Runtime/Stores/Android/GooglePlay/AAR/Models/GooglePurchaseStateEnumProvider.cs
 0.2 kb	 0.0% Packages/com.unity.purchasing/Runtime/Stores/Android/GooglePlay/AAR/Listeners/GoogleAcknowledgePurchaseListener.cs
 0.2 kb	 0.0% Packages/com.unity.purchasing/Runtime/Stores/Android/GooglePlay/AAR/Interfaces/IGoogleCachedQuerySkuDetailsService.cs
 0.2 kb	 0.0% Packages/com.unity.purchasing/Runtime/Stores/Android/GooglePlay/AAR/GoogleCachedQuerySkuDetailsService.cs
 0.2 kb	 0.0% Packages/com.unity.purchasing/Runtime/Purchasing/Telemetry/Diagnostics/TelemetryDiagnosticsInstanceWrapper.cs
 0.2 kb	 0.0% Packages/com.unity.purchasing/Runtime/Purchasing/Telemetry/Diagnostics/Interfaces/ITelemetryDiagnosticsInstanceWrapper.cs
 0.2 kb	 0.0% Packages/com.unity.test-framework/UnityEngine.TestRunner/Utils/Vector4ComparerWithEqualsOperator.cs
 0.2 kb	 0.0% Packages/com.unity.test-framework/UnityEngine.TestRunner/Utils/Vector3ComparerWithEqualsOperator.cs
 0.2 kb	 0.0% Packages/com.unity.test-framework/UnityEngine.TestRunner/Utils/Vector2ComparerWithEqualsOperator.cs
 0.2 kb	 0.0% Packages/com.unity.test-framework/UnityEngine.TestRunner/TestRunner/RemoteHelpers/RemoteTestResultDataWithTestData.cs
 0.2 kb	 0.0% Packages/com.unity.test-framework/UnityEngine.TestRunner/TestRunner/Callbacks/TestResultRendererCallback.cs
 0.2 kb	 0.0% Packages/com.unity.services.analytics/Runtime/StandardEventServiceComponent.cs
 0.2 kb	 0.0% Packages/com.unity.services.analytics/Runtime/AnalyticsUserIdServiceComponent.cs
 0.2 kb	 0.0% Packages/com.unity.purchasing/Runtime/Stores/ServicesCore/IapCoreInitializeCallback.cs
 0.2 kb	 0.0% Packages/com.unity.purchasing/Runtime/Stores/Android/GooglePlay/AAR/Interfaces/IGoogleQueryPurchasesService.cs
 0.2 kb	 0.0% Packages/com.unity.purchasing/Runtime/Stores/Android/GooglePlay/AAR/Interfaces/IBillingClientStateListener.cs
 0.2 kb	 0.0% Packages/com.unity.test-framework/UnityEngine.TestRunner/TestRunner/PlaymodeTestsControllerSettings.cs
 0.2 kb	 0.0% Packages/com.unity.test-framework/UnityEngine.TestRunner/NUnitExtensions/Runner/UnityWorkItemDataHolder.cs
 0.2 kb	 0.0% Packages/com.unity.test-framework/UnityEngine.TestRunner/NUnitExtensions/Runner/UnityTestAssemblyRunner.cs
 0.2 kb	 0.0% Packages/com.unity.test-framework/UnityEngine.TestRunner/NUnitExtensions/Runner/PlaymodeWorkItemFactory.cs
 0.2 kb	 0.0% Packages/com.unity.test-framework/UnityEngine.TestRunner/NUnitExtensions/Runner/CoroutineTestWorkItem.cs
 0.2 kb	 0.0% Packages/com.unity.test-framework/UnityEngine.TestRunner/NUnitExtensions/IAsyncTestAssemblyBuilder.cs
 0.2 kb	 0.0% Packages/com.unity.test-framework/UnityEngine.TestRunner/NUnitExtensions/Filters/CategoryFilterExtended.cs
 0.2 kb	 0.0% Packages/com.unity.test-framework/UnityEngine.TestRunner/Assertions/UnexpectedLogMessageException.cs
 0.2 kb	 0.0% Packages/com.unity.services.core/Runtime/Threading/UnityThreadUtilsInternal.cs
 0.2 kb	 0.0% Packages/com.unity.services.core/Runtime/Telemetry/Metrics/DisabledMetricsFactory.cs
 0.2 kb	 0.0% Packages/com.unity.services.core/Runtime/Core.Internal/Components/Configuration/IProjectConfiguration.cs
 0.2 kb	 0.0% Packages/com.unity.services.core/Runtime/Components/ServicesInitializationEvents.cs
 0.2 kb	 0.0% Packages/com.unity.services.core/Runtime/Analytics/AnalyticsOptionsExtensions.cs
 0.2 kb	 0.0% Packages/com.unity.purchasing/Runtime/Stores/TransactionHistory/ITransactionHistoryExtensions.cs
 0.2 kb	 0.0% Packages/com.unity.purchasing/Runtime/Stores/TransactionHistory/FakeTransactionHistoryExtensions.cs
 0.2 kb	 0.0% Packages/com.unity.purchasing/Runtime/Stores/AppleAppStore/GetAppleProductMetadataExtension.cs
 0.2 kb	 0.0% Packages/com.unity.purchasing/Runtime/Stores/Android/GooglePlay/StoreCallbackExtensionMethods.cs
 0.2 kb	 0.0% Packages/com.unity.purchasing/Runtime/Stores/Android/GooglePlay/Services/GooglePlayStorePurchaseService.cs
 0.2 kb	 0.0% Packages/com.unity.purchasing/Runtime/Stores/Android/GooglePlay/Interfaces/Services/IGooglePlayStorePurchaseService.cs
 0.2 kb	 0.0% Packages/com.unity.purchasing/Runtime/Stores/Android/GooglePlay/Interfaces/IGooglePlayConfigurationInternal.cs
 0.2 kb	 0.0% Packages/com.unity.purchasing/Runtime/Stores/Android/GooglePlay/FakeGooglePlayStoreExtensions.cs
 0.2 kb	 0.0% Packages/com.unity.purchasing/Runtime/Stores/Android/GooglePlay/FakeGooglePlayStoreConfiguration.cs
 0.2 kb	 0.0% Packages/com.unity.purchasing/Runtime/Stores/Android/GooglePlay/AAR/SkuDetailsResponseConsolidator.cs
 0.2 kb	 0.0% Packages/com.unity.purchasing/Runtime/Stores/Android/GooglePlay/AAR/MetricizedGooglePlayStoreService.cs
 0.2 kb	 0.0% Packages/com.unity.purchasing/Runtime/Stores/Android/GooglePlay/AAR/Listeners/GooglePurchasesResponseListener.cs
 0.2 kb	 0.0% Packages/com.unity.purchasing/Runtime/Stores/Android/GooglePlay/AAR/Listeners/GooglePurchaseUpdatedListener.cs
 0.2 kb	 0.0% Packages/com.unity.purchasing/Runtime/Stores/Android/GooglePlay/AAR/Listeners/GoogleConsumeResponseListener.cs
 0.2 kb	 0.0% Packages/com.unity.purchasing/Runtime/Stores/Android/GooglePlay/AAR/GoogleLastKnownProductService.cs
 0.2 kb	 0.0% Packages/com.unity.purchasing/Runtime/Stores/Android/GooglePlay/AAR/GoogleFinishTransactionService.cs
 0.2 kb	 0.0% Packages/com.unity.purchasing/Runtime/Stores/Android/Common/AAR/AndroidJavaObjectExtensions.cs
 0.2 kb	 0.0% Packages/com.unity.purchasing/Runtime/Stores/Android/AmazonAppStore/AmazonAppStoreStoreExtensions.cs
 0.2 kb	 0.0% Packages/com.unity.purchasing/Runtime/Purchasing/Telemetry/Metrics/TelemetryMetricsInstanceWrapper.cs
 0.2 kb	 0.0% Packages/com.unity.purchasing/Runtime/Purchasing/Telemetry/Metrics/Interfaces/ITelemetryMetricsInstanceWrapper.cs
 0.2 kb	 0.0% Packages/com.unity.purchasing/Runtime/Purchasing/CoreServices/UnityServicesInitializationChecker.cs
 0.2 kb	 0.0% Packages/com.unity.purchasing/Runtime/Purchasing/CoreServices/Interfaces/IUnityServicesInitializationChecker.cs
 0.2 kb	 0.0% Packages/com.unity.ads/Runtime/Advertisement/Platform/Android/AndroidInitializationListener.cs
 0.2 kb	 0.0% Packages/com.unity.ads/Runtime/Advertisement/Listeners/IUnityAdsInitializationListener.cs
 0.2 kb	 0.0% Packages/com.unity.ads/Runtime/Advertisement/Dispatchers/UnityAdsShowListenerMainDispatch.cs
 0.2 kb	 0.0% Packages/com.unity.ads/Runtime/Advertisement/Dispatchers/UnityAdsLoadListenerMainDispatch.cs
 0.1 kb	 0.0% Packages/com.unity.test-framework/UnityEngine.TestRunner/TestRunner/RemoteHelpers/RemoteTestResultDataFactory.cs
 0.1 kb	 0.0% Packages/com.unity.test-framework/UnityEngine.TestRunner/TestRunner/RemoteHelpers/PlayerConnectionMessageIds.cs
 0.1 kb	 0.0% Packages/com.unity.test-framework/UnityEngine.TestRunner/TestRunner/RemoteHelpers/IRemoteTestResultDataFactory.cs
 0.1 kb	 0.0% Packages/com.unity.test-framework/UnityEngine.TestRunner/TestRunner/Callbacks/RemoteTestResultSender.cs
 0.1 kb	 0.0% Packages/com.unity.test-framework/UnityEngine.TestRunner/TestRunner/Callbacks/PlayModeRunnerCallback.cs
 0.1 kb	 0.0% Packages/com.unity.test-framework/UnityEngine.TestRunner/Assertions/AllocatingGCMemoryConstraint.cs
 0.1 kb	 0.0% Packages/com.unity.services.core/Runtime/Core.Internal/Registry/DependencyTreeExceptions.cs
 0.1 kb	 0.0% Packages/com.unity.services.core/Runtime/Core.Internal/Components/Vivox/IVivoxTokenProviderInternal.cs
 0.1 kb	 0.0% Packages/com.unity.services.core/Runtime/Core.Internal/Components/Networking/HttpRequestExtensions.cs
 0.1 kb	 0.0% Packages/com.unity.services.core/Runtime/Core.Internal/Components/Authentication/IServerEnvironmentId.cs
 0.1 kb	 0.0% Packages/com.unity.services.core/Runtime/Core.Internal/Components/Authentication/IServerAccessToken.cs
 0.1 kb	 0.0% Packages/com.unity.purchasing/Runtime/Stores/Util/JsonProductDescriptionsDeserializer.cs
 0.1 kb	 0.0% Packages/com.unity.purchasing/Runtime/Stores/Android/GooglePlay/AAR/Interfaces/ISkuDetailsQueryResponse.cs
 0.1 kb	 0.0% Packages/com.unity.purchasing/Runtime/Stores/Android/GooglePlay/AAR/Interfaces/IQuerySkuDetailsService.cs
 0.1 kb	 0.0% Packages/com.unity.purchasing/Runtime/Stores/Android/GooglePlay/AAR/Interfaces/IGooglePurchaseService.cs
 0.1 kb	 0.0% Packages/com.unity.purchasing/Runtime/Stores/Android/GooglePlay/AAR/Interfaces/IGooglePurchaseCallback.cs
 0.1 kb	 0.0% Packages/com.unity.purchasing/Runtime/Stores/Android/GooglePlay/AAR/Interfaces/IGooglePurchaseBuilder.cs
 0.1 kb	 0.0% Packages/com.unity.purchasing/Runtime/Stores/Android/GooglePlay/AAR/Interfaces/IGoogleProductCallback.cs
 0.1 kb	 0.0% Packages/com.unity.purchasing/Runtime/Stores/Android/GooglePlay/AAR/Interfaces/IGooglePlayStoreService.cs
 0.1 kb	 0.0% Packages/com.unity.purchasing/Runtime/SecurityStub/CrossPlatformValidator.cs
 0.1 kb	 0.0% Packages/com.unity.ads/Runtime/Advertisement/Platform/Unsupported/UnsupportedPlatform.cs
 0.1 kb	 0.0% Packages/com.unity.ads/Runtime/Advertisement/Platform/Unsupported/UnsupportedBanner.cs
 0.1 kb	 0.0% Packages/com.unity.xr.legacyinputhelpers/Runtime/ArmModels/TransitionArmModel.cs
 0.1 kb	 0.0% Packages/com.unity.test-framework/UnityEngine.TestRunner/TestRunner/Messages/IEditModeTestYieldInstruction.cs
 0.1 kb	 0.0% Packages/com.unity.test-framework/UnityEngine.TestRunner/NUnitExtensions/UnityTestAssemblyBuilder.cs
 0.1 kb	 0.0% Packages/com.unity.test-framework/UnityEngine.TestRunner/NUnitExtensions/Runner/TestCommandBuilder.cs
 0.1 kb	 0.0% Packages/com.unity.test-framework/UnityEngine.TestRunner/NUnitExtensions/Runner/DefaultTestWorkItem.cs
 0.1 kb	 0.0% Packages/com.unity.test-framework/UnityEngine.TestRunner/NUnitExtensions/Runner/CompositeWorkItem.cs
 0.1 kb	 0.0% Packages/com.unity.test-framework/UnityEngine.TestRunner/NUnitExtensions/OrderedTestSuiteModifier.cs
 0.1 kb	 0.0% Packages/com.unity.test-framework/UnityEngine.TestRunner/NUnitExtensions/Filters/AssemblyNameFilter.cs
 0.1 kb	 0.0% Packages/com.unity.test-framework/UnityEngine.TestRunner/NUnitExtensions/Commands/EnumerableSetUpTearDownCommand.cs
 0.1 kb	 0.0% Packages/com.unity.test-framework/UnityEngine.TestRunner/NUnitExtensions/Commands/EnumerableRepeatedTestCommand.cs
 0.1 kb	 0.0% Packages/com.unity.test-framework/UnityEngine.TestRunner/NUnitExtensions/Attributes/TestMustExpectAllLogsAttribute.cs
 0.1 kb	 0.0% Packages/com.unity.test-framework/UnityEngine.TestRunner/Assertions/UnityTestTimeoutException.cs
 0.1 kb	 0.0% Packages/com.unity.test-framework/UnityEngine.TestRunner/Assertions/UnhandledLogMessageException.cs
 0.1 kb	 0.0% Packages/com.unity.test-framework/UnityEngine.TestRunner/Assertions/InvalidSignatureException.cs
 0.1 kb	 0.0% Packages/com.unity.services.core/Runtime/Telemetry/Diagnotstics/DisabledDiagnostics.cs
 0.1 kb	 0.0% Packages/com.unity.services.core/Runtime/Telemetry/Diagnotstics/DiagnosticsFactory.cs
 0.1 kb	 0.0% Packages/com.unity.services.core/Runtime/Scheduler/ScheduledInvocation.cs
 0.1 kb	 0.0% Packages/com.unity.services.core/Runtime/Scheduler/MinimumBinaryHeap.cs
 0.1 kb	 0.0% Packages/com.unity.services.core/Runtime/Registration/CorePackageInitializer.cs
 0.1 kb	 0.0% Packages/com.unity.services.core/Runtime/Networking/UnityWebRequestClient.cs
 0.1 kb	 0.0% Packages/com.unity.services.core/Runtime/Environments/Internal/Environments.cs
 0.1 kb	 0.0% Packages/com.unity.services.core/Runtime/Core.Internal/Serialization/NewtonsoftSerializer.cs
 0.1 kb	 0.0% Packages/com.unity.services.core/Runtime/Core.Internal/Registry/PackageInitializationInfo.cs
 0.1 kb	 0.0% Packages/com.unity.services.core/Runtime/Core.Internal/Registry/CircularDependencyException.cs
 0.1 kb	 0.0% Packages/com.unity.services.core/Runtime/Configuration/Utils/StreamingAssetsUtils.cs
 0.1 kb	 0.0% Packages/com.unity.services.core/Runtime/Configuration/ProjectConfiguration.cs
 0.1 kb	 0.0% Packages/com.unity.services.core/Runtime/Configuration/IConfigurationLoader.cs
 0.1 kb	 0.0% Packages/com.unity.services.core/Runtime/Configuration/ConfigurationUtils.cs
 0.1 kb	 0.0% Packages/com.unity.services.core/Runtime/Configuration/ConfigurationEntry.cs
 0.1 kb	 0.0% Packages/com.unity.services.core/Runtime/Components/ServicesInitialization.cs
 0.1 kb	 0.0% Packages/com.unity.purchasing/Runtime/WinRTCore/WinProductDescription.cs
 0.1 kb	 0.0% Packages/com.unity.purchasing/Runtime/Stores/Util/ProductDefinitionExtensions.cs
 0.1 kb	 0.0% Packages/com.unity.purchasing/Runtime/Stores/Util/GoogleConnectionRetryPolicy.cs
 0.1 kb	 0.0% Packages/com.unity.purchasing/Runtime/Stores/Android/GooglePlay/Interfaces/IGooglePlayStoreExtensions.cs
 0.1 kb	 0.0% Packages/com.unity.purchasing/Runtime/Stores/Android/GooglePlay/GooglePlayStoreExtensions.cs
 0.1 kb	 0.0% Packages/com.unity.purchasing/Runtime/Stores/Android/GooglePlay/GooglePlayPurchaseCallback.cs
 0.1 kb	 0.0% Packages/com.unity.purchasing/Runtime/Stores/Android/GooglePlay/GooglePlayProductCallback.cs
 0.1 kb	 0.0% Packages/com.unity.purchasing/Runtime/Stores/Android/GooglePlay/AAR/Models/ProductDescriptionQuery.cs
 0.1 kb	 0.0% Packages/com.unity.purchasing/Runtime/Stores/Android/GooglePlay/AAR/Models/GooglePurchaseStateEnum.cs
 0.1 kb	 0.0% Packages/com.unity.purchasing/Runtime/Stores/Android/GooglePlay/AAR/Listeners/SkuDetailsResponseListener.cs
 0.1 kb	 0.0% Packages/com.unity.purchasing/Runtime/Stores/Android/GooglePlay/AAR/Listeners/BillingClientStateListener.cs
 0.1 kb	 0.0% Packages/com.unity.purchasing/Runtime/Stores/Android/GooglePlay/AAR/Interfaces/IGooglePriceChangeService.cs
 0.1 kb	 0.0% Packages/com.unity.purchasing/Runtime/Stores/Android/GooglePlay/AAR/GoogleQueryPurchasesService.cs
 0.1 kb	 0.0% Packages/com.unity.purchasing/Runtime/Purchasing/Telemetry/Metrics/TelemetryMetricDefinitions.cs
 0.1 kb	 0.0% Packages/com.unity.purchasing/Runtime/Purchasing/Telemetry/Metrics/TelemetryMetricDefinition.cs
 0.1 kb	 0.0% Packages/com.unity.purchasing/Runtime/Purchasing/Telemetry/Diagnostics/TelemetryDiagnosticParams.cs
 0.1 kb	 0.0% Packages/com.unity.purchasing/Runtime/Purchasing/PurchaseFailureDescription.cs
 0.1 kb	 0.0% Packages/com.unity.purchasing/Runtime/Purchasing/CoreServices/Interfaces/Environment/ICoreServicesEnvironmentObserver.cs
 0.1 kb	 0.0% Packages/com.unity.purchasing/Runtime/Purchasing/CoreServices/Environment/CoreServicesEnvironmentSubject.cs
 0.1 kb	 0.0% Packages/com.unity.ads/Runtime/Advertisement/Utilities/UnityLifecycleManager.cs
 0.1 kb	 0.0% Packages/com.unity.ads/Runtime/Advertisement/Utilities/IUnityLifecycleManager.cs
 0.1 kb	 0.0% Packages/com.unity.ads/Runtime/Advertisement/Utilities/AssemblyInfoUtilities.cs
 0.1 kb	 0.0% Packages/com.unity.ads/Runtime/Advertisement/Platform/Editor/BannerPlaceholder.cs
 0.1 kb	 0.0% Packages/com.unity.test-framework/UnityEngine.TestRunner/Utils/QuaternionEqualityComparer.cs
 0.1 kb	 0.0% Packages/com.unity.test-framework/UnityEngine.TestRunner/Utils/AssemblyProvider/PlayerTestAssemblyProvider.cs
 0.1 kb	 0.0% Packages/com.unity.test-framework/UnityEngine.TestRunner/TestRunner/RuntimeTestRunnerFilter.cs
 0.1 kb	 0.0% Packages/com.unity.test-framework/UnityEngine.TestRunner/TestRunner/Callbacks/TestResultRenderer.cs
 0.1 kb	 0.0% Packages/com.unity.test-framework/UnityEngine.TestRunner/TestRunner/Callbacks/PlayerQuitHandler.cs
 0.1 kb	 0.0% Packages/com.unity.services.core/Runtime/Core/DynamicDependency/PreserveDependencyAttribute.cs
 0.1 kb	 0.0% Packages/com.unity.services.core/Runtime/Core.Internal/Components/Threading/IUnityThreadUtils.cs
 0.1 kb	 0.0% Packages/com.unity.services.core/Runtime/Core.Internal/Components/Telemetry/IDiagnosticsFactory.cs
 0.1 kb	 0.0% Packages/com.unity.services.core/Runtime/Core.Internal/Components/Networking/ReadOnlyHttpResponse.cs
 0.1 kb	 0.0% Packages/com.unity.services.core/Runtime/Core.Internal/Components/Networking/ReadOnlyHttpRequest.cs
 0.1 kb	 0.0% Packages/com.unity.services.core/Runtime/Core.Internal/Components/Authentication/IAccessTokenObserver.cs
 0.1 kb	 0.0% Packages/com.unity.purchasing/Runtime/Stores/Android/GooglePlay/AAR/Utils/GooglePurchaseBuilder.cs
 0.1 kb	 0.0% Packages/com.unity.purchasing/Runtime/Stores/Android/GooglePlay/AAR/Interfaces/ISkuDetailsConverter.cs
 0.1 kb	 0.0% Packages/com.unity.purchasing/Runtime/Stores/Android/GooglePlay/AAR/Interfaces/IGoogleBillingClient.cs
 0.1 kb	 0.0% Packages/com.unity.purchasing/Runtime/SecurityStub/GooglePlayReceipt.cs
 0.1 kb	 0.0% Packages/com.unity.purchasing/Runtime/SecurityCore/IAPSecurityException.cs
 0.1 kb	 0.0% Packages/com.unity.xr.legacyinputhelpers/Runtime/ArmModels/SwingArmModel.cs
 0.1 kb	 0.0% Packages/com.unity.test-framework/UnityEngine.TestRunner/Utils/PostBuildCleanupAttribute.cs
 0.1 kb	 0.0% Packages/com.unity.test-framework/UnityEngine.TestRunner/TestRunner/TestEnumeratorWrapper.cs
 0.1 kb	 0.0% Packages/com.unity.test-framework/UnityEngine.TestRunner/TestRunner/PlaymodeTestsController.cs
 0.1 kb	 0.0% Packages/com.unity.test-framework/UnityEngine.TestRunner/NUnitExtensions/TestResultExtensions.cs
 0.1 kb	 0.0% Packages/com.unity.test-framework/UnityEngine.TestRunner/NUnitExtensions/Runner/WorkItemFactory.cs
 0.1 kb	 0.0% Packages/com.unity.test-framework/UnityEngine.TestRunner/NUnitExtensions/Runner/UnityWorkItem.cs
 0.1 kb	 0.0% Packages/com.unity.test-framework/UnityEngine.TestRunner/NUnitExtensions/ITestSuiteModifier.cs
 0.1 kb	 0.0% Packages/com.unity.test-framework/UnityEngine.TestRunner/NUnitExtensions/Filters/FullNameFilter.cs
 0.1 kb	 0.0% Packages/com.unity.test-framework/UnityEngine.TestRunner/NUnitExtensions/ConstructDelegator.cs
 0.1 kb	 0.0% Packages/com.unity.test-framework/UnityEngine.TestRunner/NUnitExtensions/Commands/OuterUnityTestActionCommand.cs
 0.1 kb	 0.0% Packages/com.unity.test-framework/UnityEngine.TestRunner/NUnitExtensions/Commands/ImmediateEnumerableCommand.cs
 0.1 kb	 0.0% Packages/com.unity.test-framework/UnityEngine.TestRunner/NUnitExtensions/Commands/EnumerableTestMethodCommand.cs
 0.1 kb	 0.0% Packages/com.unity.test-framework/UnityEngine.TestRunner/NUnitExtensions/Commands/EnumerableRetryTestCommand.cs
 0.1 kb	 0.0% Packages/com.unity.test-framework/UnityEngine.TestRunner/NUnitExtensions/Commands/BeforeAfterTestCommandState.cs
 0.1 kb	 0.0% Packages/com.unity.test-framework/UnityEngine.TestRunner/NUnitExtensions/Attributes/UnityCombinatorialStrategy.cs
 0.1 kb	 0.0% Packages/com.unity.test-framework/UnityEngine.TestRunner/NUnitExtensions/Attributes/ConditionalIgnoreAttribute.cs
 0.1 kb	 0.0% Packages/com.unity.test-framework/UnityEngine.TestRunner/Assertions/ConstraintsExtensions.cs
 0.1 kb	 0.0% Packages/com.unity.services.core/Runtime/Telemetry/Metrics/MetricsFactory.cs
 0.1 kb	 0.0% Packages/com.unity.services.core/Runtime/Telemetry/Metrics/DisabledMetrics.cs
 0.1 kb	 0.0% Packages/com.unity.services.core/Runtime/Scheduler/TimeProvider/UtcTimeProvider.cs
 0.1 kb	 0.0% Packages/com.unity.services.core/Runtime/Scheduler/TimeProvider/ITimeProvider.cs
 0.1 kb	 0.0% Packages/com.unity.services.core/Runtime/Scheduler/ActionScheduler.cs
 0.1 kb	 0.0% Packages/com.unity.services.core/Runtime/Networking/HttpServiceConfig.cs
 0.1 kb	 0.0% Packages/com.unity.services.core/Runtime/Device/UserIdProviders/UnityAnalyticsIdentifier.cs
 0.1 kb	 0.0% Packages/com.unity.services.core/Runtime/Device/UserIdProviders/IUserIdentifierProvider.cs
 0.1 kb	 0.0% Packages/com.unity.services.core/Runtime/Core/Initialization/UnityProjectNotLinkedException.cs
 0.1 kb	 0.0% Packages/com.unity.services.core/Runtime/Core/Initialization/ServicesInitializationException.cs
 0.1 kb	 0.0% Packages/com.unity.services.core/Runtime/Core.Internal/UnityServicesInternal.cs
 0.1 kb	 0.0% Packages/com.unity.services.core/Runtime/Core.Internal/UnityServicesInitializer.cs
 0.1 kb	 0.0% Packages/com.unity.services.core/Runtime/Core.Internal/Serialization/IJsonSerializer.cs
 0.1 kb	 0.0% Packages/com.unity.services.core/Runtime/Core.Internal/Registry/ServiceRegistry/LockedServiceRegistry.cs
 0.1 kb	 0.0% Packages/com.unity.services.core/Runtime/Core.Internal/Registry/PackageRegistry/LockedPackageRegistry.cs
 0.1 kb	 0.0% Packages/com.unity.services.core/Runtime/Core.Internal/Registry/IInitializablePackageV2.cs
 0.1 kb	 0.0% Packages/com.unity.services.core/Runtime/Core.Internal/Registry/IInitializablePackage.cs
 0.1 kb	 0.0% Packages/com.unity.services.core/Runtime/Core.Internal/Registry/DependencyTreeExtensions.cs
 0.1 kb	 0.0% Packages/com.unity.services.core/Runtime/Core.Internal/Registry/CoreRegistryInitializer.cs
 0.1 kb	 0.0% Packages/com.unity.services.core/Runtime/Core.Internal/Registry/ComponentRegistry/LockedComponentRegistry.cs
 0.1 kb	 0.0% Packages/com.unity.services.core/Runtime/Core.Internal/Components/Wire/IChannelTokenProvider.cs
 0.1 kb	 0.0% Packages/com.unity.services.core/Runtime/Core.Internal/Components/Environments/IEnvironments.cs
 0.1 kb	 0.0% Packages/com.unity.services.core/Runtime/Core.Internal/Components/Configuration/IExternalUserId.cs
 0.1 kb	 0.0% Packages/com.unity.services.core/Runtime/Core.Internal/Components/Configuration/ICloudProjectId.cs
 0.1 kb	 0.0% Packages/com.unity.services.core/Runtime/Core.Internal/AsyncOperation/IAsyncOperationAwaiter.cs
 0.1 kb	 0.0% Packages/com.unity.services.core/Runtime/Core.Internal/AsyncOperation/AsyncOperationExtensions.cs
 0.1 kb	 0.0% Packages/com.unity.services.core/Runtime/Core.Internal/AsyncOperation/AsyncOperationAwaiter.cs
 0.1 kb	 0.0% Packages/com.unity.services.core/Runtime/Configuration/ExternalUserId.cs
 0.1 kb	 0.0% Packages/com.unity.services.core/Runtime/Configuration/CloudProjectId.cs
 0.1 kb	 0.0% Packages/com.unity.services.core/Runtime/Components/ServicesBehaviour.cs
 0.1 kb	 0.0% Packages/com.unity.services.analytics/Runtime/Events/Transaction/TransactionCurrencyConverter.cs
 0.1 kb	 0.0% Packages/com.unity.purchasing/Runtime/Stores/WindowsStore/IMicrosoftConfiguration.cs
 0.1 kb	 0.0% Packages/com.unity.purchasing/Runtime/Stores/WindowsStore/FakeMicrosoftExtensions.cs
 0.1 kb	 0.0% Packages/com.unity.purchasing/Runtime/Stores/Util/ExponentialRetryPolicy.cs
 0.1 kb	 0.0% Packages/com.unity.purchasing/Runtime/Stores/StandardPurchasingModule.cs
 0.1 kb	 0.0% Packages/com.unity.purchasing/Runtime/Stores/AppleAppStore/MetricizedAppleStoreImpl.cs
 0.1 kb	 0.0% Packages/com.unity.purchasing/Runtime/Stores/AppleAppStore/FakeAppleConfiguration.cs
 0.1 kb	 0.0% Packages/com.unity.purchasing/Runtime/Stores/Android/ScriptingUnityCallback.cs
 0.1 kb	 0.0% Packages/com.unity.purchasing/Runtime/Stores/Android/ScriptingStoreCallback.cs
 0.1 kb	 0.0% Packages/com.unity.purchasing/Runtime/Stores/Android/IAndroidStoreSelection.cs
 0.1 kb	 0.0% Packages/com.unity.purchasing/Runtime/Stores/Android/GooglePlay/Models/GoogleProductMetadata.cs
 0.1 kb	 0.0% Packages/com.unity.purchasing/Runtime/Stores/Android/GooglePlay/Interfaces/Services/IGoogleFetchPurchases.cs
 0.1 kb	 0.0% Packages/com.unity.purchasing/Runtime/Stores/Android/GooglePlay/Interfaces/IGooglePlayConfiguration.cs
 0.1 kb	 0.0% Packages/com.unity.purchasing/Runtime/Stores/Android/GooglePlay/GooglePlayConfiguration.cs
 0.1 kb	 0.0% Packages/com.unity.purchasing/Runtime/Stores/Android/GooglePlay/AAR/SkuDetailsQueryResponse.cs
 0.1 kb	 0.0% Packages/com.unity.purchasing/Runtime/Stores/Android/GooglePlay/AAR/QuerySkuDetailsService.cs
 0.1 kb	 0.0% Packages/com.unity.purchasing/Runtime/Stores/Android/GooglePlay/AAR/Models/GoogleSkuTypeEnum.cs
 0.1 kb	 0.0% Packages/com.unity.purchasing/Runtime/Stores/Android/GooglePlay/AAR/Models/GoogleBillingStrings.cs
 0.1 kb	 0.0% Packages/com.unity.purchasing/Runtime/Stores/Android/GooglePlay/AAR/Models/GoogleBillingResult.cs
 0.1 kb	 0.0% Packages/com.unity.purchasing/Runtime/Stores/Android/GooglePlay/AAR/Models/GoogleBillingClient.cs
 0.1 kb	 0.0% Packages/com.unity.purchasing/Runtime/Stores/Android/GooglePlay/AAR/Interfaces/IGoogleBillingResult.cs
 0.1 kb	 0.0% Packages/com.unity.purchasing/Runtime/Stores/Android/GooglePlay/AAR/GooglePurchaseService.cs
 0.1 kb	 0.0% Packages/com.unity.purchasing/Runtime/Stores/Android/GooglePlay/AAR/GooglePriceChangeService.cs
 0.1 kb	 0.0% Packages/com.unity.purchasing/Runtime/Stores/Android/GooglePlay/AAR/GooglePlayStoreService.cs
 0.1 kb	 0.0% Packages/com.unity.purchasing/Runtime/Purchasing/Telemetry/Metrics/TelemetryMetricsService.cs
 0.1 kb	 0.0% Packages/com.unity.purchasing/Runtime/Purchasing/Telemetry/Metrics/TelemetryMetricParams.cs
 0.1 kb	 0.0% Packages/com.unity.purchasing/Runtime/Purchasing/Telemetry/Metrics/Interfaces/ITelemetryMetricsService.cs
 0.1 kb	 0.0% Packages/com.unity.purchasing/Runtime/Purchasing/Telemetry/Metrics/Interfaces/ITelemetryMetricEvent.cs
 0.1 kb	 0.0% Packages/com.unity.purchasing/Runtime/Purchasing/Telemetry/IapTelemetryException.cs
 0.1 kb	 0.0% Packages/com.unity.purchasing/Runtime/Purchasing/Telemetry/Diagnostics/TelemetryDiagnosticNames.cs
 0.1 kb	 0.0% Packages/com.unity.purchasing/Runtime/Purchasing/Telemetry/Diagnostics/Interfaces/ITelemetryDiagnostics.cs
 0.1 kb	 0.0% Packages/com.unity.purchasing/Runtime/Purchasing/Extension/AbstractPurchasingModule.cs
 0.1 kb	 0.0% Packages/com.unity.purchasing/Runtime/Purchasing/Analytics/Models/AnalyticsTransactionReceipt.cs
 0.1 kb	 0.0% Packages/com.unity.purchasing/Runtime/Codeless/IAPConfigurationHelper.cs
 0.1 kb	 0.0% Packages/com.unity.purchasing/Runtime/Codeless/CodelessIAPStoreListener.cs
 0.1 kb	 0.0% Packages/com.unity.ads/Runtime/Advertisement/Utilities/CoroutineExecutor.cs
 0.1 kb	 0.0% Packages/com.unity.ads/Runtime/Advertisement/Platform/Editor/EditorPlatform.cs
 0.1 kb	 0.0% Packages/com.unity.ads/Runtime/Advertisement/Platform/Android/AndroidPlatform.cs
 0.1 kb	 0.0% Packages/com.unity.ads/Runtime/Advertisement/Platform/Android/AndroidBanner.cs
 0.1 kb	 0.0% Packages/com.unity.ads/Runtime/Advertisement/Listeners/IUnityAdsShowListener.cs
 0.1 kb	 0.0% Packages/com.unity.ads/Runtime/Advertisement/Listeners/IUnityAdsLoadListener.cs
 0.1 kb	 0.0% Packages/com.unity.xr.legacyinputhelpers/Runtime/TrackedPoseDriver/BasePoseProvider.cs
 0.1 kb	 0.0% Packages/com.unity.timeline/Runtime/Animation/AnimationPreviewUpdateCallback.cs
 0.1 kb	 0.0% Packages/com.unity.timeline/Runtime/Animation/AnimationOutputWeightProcessor.cs
 0.1 kb	 0.0% Packages/com.unity.textmeshpro/Scripts/Runtime/TMP_SpriteAssetImportFormats.cs
 0.1 kb	 0.0% Packages/com.unity.test-framework/UnityEngine.TestRunner/Utils/Vector4EqualityComparer.cs
 0.1 kb	 0.0% Packages/com.unity.test-framework/UnityEngine.TestRunner/Utils/Vector3EqualityComparer.cs
 0.1 kb	 0.0% Packages/com.unity.test-framework/UnityEngine.TestRunner/Utils/Vector2EqualityComparer.cs
 0.1 kb	 0.0% Packages/com.unity.test-framework/UnityEngine.TestRunner/Utils/TestRunCallbackListener.cs
 0.1 kb	 0.0% Packages/com.unity.test-framework/UnityEngine.TestRunner/Utils/PrebuildSceneSetupAttribute.cs
 0.1 kb	 0.0% Packages/com.unity.test-framework/UnityEngine.TestRunner/Utils/FloatEqualityComparer.cs
 0.1 kb	 0.0% Packages/com.unity.test-framework/UnityEngine.TestRunner/Utils/ColorEqualityComparer.cs
 0.1 kb	 0.0% Packages/com.unity.test-framework/UnityEngine.TestRunner/Utils/AssemblyProvider/ScriptingRuntimeProxy.cs
 0.1 kb	 0.0% Packages/com.unity.test-framework/UnityEngine.TestRunner/Utils/AssemblyProvider/IScriptingRuntimeProxy.cs
 0.1 kb	 0.0% Packages/com.unity.test-framework/UnityEngine.TestRunner/TestRunner/SynchronousFilter.cs
 0.1 kb	 0.0% Packages/com.unity.test-framework/UnityEngine.TestRunner/TestRunner/RemoteHelpers/RemoteTestResultData.cs
 0.1 kb	 0.0% Packages/com.unity.services.core/Runtime/Core.Internal/Components/Telemetry/IMetricsFactory.cs
 0.1 kb	 0.0% Packages/com.unity.services.core/Runtime/Core.Internal/Components/Scheduler/IActionScheduler.cs
 0.1 kb	 0.0% Packages/com.unity.services.core/Runtime/Core.Internal/Components/Authentication/IEnvironmentId.cs
 0.1 kb	 0.0% Packages/com.unity.services.core/Runtime/Core.Internal/Components/Analytics/IAnalyticsUserId.cs
 0.1 kb	 0.0% Packages/com.unity.services.analytics/Runtime/Runtime/AnalyticsForgetter.cs
 0.1 kb	 0.0% Packages/com.unity.purchasing/Runtime/Stores/Android/GooglePlay/AAR/Utils/SkuDetailsConverter.cs
 0.1 kb	 0.0% Packages/com.unity.purchasing/Runtime/Stores/Android/GooglePlay/AAR/Utils/GoogleReceiptEncoder.cs
 0.1 kb	 0.0% Packages/com.unity.purchasing/Runtime/Stores/Android/GooglePlay/AAR/Interfaces/IGooglePurchase.cs
 0.1 kb	 0.0% Packages/com.unity.purchasing/Runtime/SecurityStub/AppleValidator.cs
 0.1 kb	 0.0% Packages/com.unity.purchasing/Runtime/SecurityCore/IPurchaseReceipt.cs
 0.1 kb	 0.0% Packages/com.unity.purchasing/Runtime/Purchasing/Analytics/EmptyUnityAnalyticsAdapter.cs
 0.1 kb	 0.0% Packages/com.unity.xr.legacyinputhelpers/Runtime/TrackedPoseDriver/TrackedPoseDriver.cs
 0.1 kb	 0.0% Packages/com.unity.xr.legacyinputhelpers/Runtime/CameraOffset.cs
 0.1 kb	 0.0% Packages/com.unity.ugui/Runtime/UI/Core/Layout/HorizontalOrVerticalLayoutGroup.cs
 0.1 kb	 0.0% Packages/com.unity.test-framework/UnityEngine.TestRunner/Utils/TestRunCallbackAttribute.cs
 0.1 kb	 0.0% Packages/com.unity.test-framework/UnityEngine.TestRunner/Utils/IOuterUnityTestAction.cs
 0.1 kb	 0.0% Packages/com.unity.test-framework/UnityEngine.TestRunner/TestRunner/TestListenerWrapper.cs
 0.1 kb	 0.0% Packages/com.unity.test-framework/UnityEngine.TestRunner/TestRunner/ITestRunnerListener.cs
 0.1 kb	 0.0% Packages/com.unity.test-framework/UnityEngine.TestRunner/NUnitExtensions/TestExtensions.cs
 0.1 kb	 0.0% Packages/com.unity.test-framework/UnityEngine.TestRunner/NUnitExtensions/Runner/FailCommand.cs
 0.1 kb	 0.0% Packages/com.unity.test-framework/UnityEngine.TestRunner/NUnitExtensions/IStateSerializer.cs
 0.1 kb	 0.0% Packages/com.unity.test-framework/UnityEngine.TestRunner/NUnitExtensions/Commands/UnityTestMethodCommand.cs
 0.1 kb	 0.0% Packages/com.unity.test-framework/UnityEngine.TestRunner/NUnitExtensions/BaseDelegator.cs
 0.1 kb	 0.0% Packages/com.unity.test-framework/UnityEngine.TestRunner/NUnitExtensions/Attributes/UnityTearDownAttribute.cs
 0.1 kb	 0.0% Packages/com.unity.test-framework/UnityEngine.TestRunner/NUnitExtensions/Attributes/UnityPlatformAttribute.cs
 0.1 kb	 0.0% Packages/com.unity.test-framework/UnityEngine.TestRunner/NUnitExtensions/ActionDelegator.cs
 0.1 kb	 0.0% Packages/com.unity.services.core/Runtime/Telemetry/Diagnotstics/Diagnostics.cs
 0.1 kb	 0.0% Packages/com.unity.services.core/Runtime/Device/UserIdProviders/UnityAdsIdentifier.cs
 0.1 kb	 0.0% Packages/com.unity.services.core/Runtime/Core/Initialization/ServicesCreationException.cs
 0.1 kb	 0.0% Packages/com.unity.services.core/Runtime/Core.Internal/Utils/UnityWebRequestUtils.cs
 0.1 kb	 0.0% Packages/com.unity.services.core/Runtime/Core.Internal/Utils/DictionaryExtensions.cs
 0.1 kb	 0.0% Packages/com.unity.services.core/Runtime/Core.Internal/Registry/IServiceComponent.cs
 0.1 kb	 0.0% Packages/com.unity.services.core/Runtime/Core.Internal/Registry/CorePackageRegistry.cs
 0.1 kb	 0.0% Packages/com.unity.services.core/Runtime/Core.Internal/Registry/ComponentRegistry/IComponentRegistry.cs
 0.1 kb	 0.0% Packages/com.unity.services.core/Runtime/Core.Internal/Registry/ComponentRegistry/ComponentRegistry.cs
 0.1 kb	 0.0% Packages/com.unity.services.core/Runtime/Core.Internal/Components/Device/IInstallationId.cs
 0.1 kb	 0.0% Packages/com.unity.services.core/Runtime/Core.Internal/Attributes/VisibilityAttribute.cs
 0.1 kb	 0.0% Packages/com.unity.services.core/Runtime/Core.Internal/AsyncOperation/TaskAsyncOperation.cs
 0.1 kb	 0.0% Packages/com.unity.services.core/Runtime/Core.Internal/AsyncOperation/AsyncOperationBase.cs
 0.1 kb	 0.0% Packages/com.unity.services.analytics/Runtime/Events/Transaction/TransactionFailedEvent.cs
 0.1 kb	 0.0% Packages/com.unity.services.analytics/Runtime/Events/AcquisitionSourceEvent.cs
 0.1 kb	 0.0% Packages/com.unity.services.analytics/Runtime/AnalyticsServiceInstance.cs
 0.1 kb	 0.0% Packages/com.unity.purchasing/Runtime/Stores/WindowsStore/IMicrosoftExtensions.cs
 0.1 kb	 0.0% Packages/com.unity.purchasing/Runtime/Stores/Util/EnumerableExtensions.cs
 0.1 kb	 0.0% Packages/com.unity.purchasing/Runtime/Stores/SubscriptionManager.cs
 0.1 kb	 0.0% Packages/com.unity.purchasing/Runtime/Stores/StoreConfiguration.cs
 0.1 kb	 0.0% Packages/com.unity.purchasing/Runtime/Stores/FakeStore/UIFakeStoreWindow.cs
 0.1 kb	 0.0% Packages/com.unity.purchasing/Runtime/Stores/FakeStore/UIFakeStoreDropdown.cs
 0.1 kb	 0.0% Packages/com.unity.purchasing/Runtime/Stores/FakeStore/LifecycleNotifier.cs
 0.1 kb	 0.0% Packages/com.unity.purchasing/Runtime/Stores/BaseStore/NativeStoreProvider.cs
 0.1 kb	 0.0% Packages/com.unity.purchasing/Runtime/Stores/BaseStore/MetricizedJsonStore.cs
 0.1 kb	 0.0% Packages/com.unity.purchasing/Runtime/Stores/BaseStore/INativeStoreProvider.cs
 0.1 kb	 0.0% Packages/com.unity.purchasing/Runtime/Stores/AppleAppStore/IAppleConfiguration.cs
 0.1 kb	 0.0% Packages/com.unity.purchasing/Runtime/Stores/AppleAppStore/FakeAppleExtensions.cs
 0.1 kb	 0.0% Packages/com.unity.purchasing/Runtime/Stores/AppleAppStore/AppleProductMetadata.cs
 0.1 kb	 0.0% Packages/com.unity.purchasing/Runtime/Stores/Android/UDP/UDPReflectionUtil.cs
 0.1 kb	 0.0% Packages/com.unity.purchasing/Runtime/Stores/Android/UDP/UDPReflectionConsts.cs
 0.1 kb	 0.0% Packages/com.unity.purchasing/Runtime/Stores/Android/GooglePlay/Services/GoogleFetchPurchases.cs
 0.1 kb	 0.0% Packages/com.unity.purchasing/Runtime/Stores/Android/GooglePlay/AAR/Models/GooglePurchase.cs
 0.1 kb	 0.0% Packages/com.unity.purchasing/Runtime/Stores/Android/AmazonAppStore/IAmazonExtensions.cs
 0.1 kb	 0.0% Packages/com.unity.purchasing/Runtime/Stores/Android/AmazonAppStore/IAmazonConfiguration.cs
 0.1 kb	 0.0% Packages/com.unity.purchasing/Runtime/Purchasing/Utilites/UnifiedReceiptFormatter.cs
 0.1 kb	 0.0% Packages/com.unity.purchasing/Runtime/Purchasing/Utilites/ProductPurchaseUpdater.cs
 0.1 kb	 0.0% Packages/com.unity.purchasing/Runtime/Purchasing/UnifiedReceiptExtensions.cs
 0.1 kb	 0.0% Packages/com.unity.purchasing/Runtime/Purchasing/Telemetry/Metrics/TelemetryMetricEvent.cs
 0.1 kb	 0.0% Packages/com.unity.purchasing/Runtime/Purchasing/Telemetry/Diagnostics/TelemetryDiagnostics.cs
 0.1 kb	 0.0% Packages/com.unity.purchasing/Runtime/Purchasing/SimpleCatalogProvider.cs
 0.1 kb	 0.0% Packages/com.unity.purchasing/Runtime/Purchasing/PurchaseFailedEventArgs.cs
 0.1 kb	 0.0% Packages/com.unity.purchasing/Runtime/Purchasing/IInternalStoreListener.cs
 0.1 kb	 0.0% Packages/com.unity.purchasing/Runtime/Purchasing/IDetailedStoreListener.cs
 0.1 kb	 0.0% Packages/com.unity.purchasing/Runtime/Purchasing/Extension/ProductDescription.cs
 0.1 kb	 0.0% Packages/com.unity.purchasing/Runtime/Purchasing/Extension/IStoreConfiguration.cs
 0.1 kb	 0.0% Packages/com.unity.purchasing/Runtime/Purchasing/Extension/IPurchasingModule.cs
 0.1 kb	 0.0% Packages/com.unity.purchasing/Runtime/Purchasing/Extension/IPurchasingBinder.cs
 0.1 kb	 0.0% Packages/com.unity.purchasing/Runtime/Purchasing/Analytics/Legacy/LegacyAnalyticsWrapper.cs
 0.1 kb	 0.0% Packages/com.unity.purchasing/Runtime/Purchasing/Analytics/Legacy/LegacyAnalyticsAdapter.cs
 0.1 kb	 0.0% Packages/com.unity.purchasing/Runtime/Purchasing/Analytics/Interfaces/Legacy/ILegacyUnityAnalytics.cs
 0.1 kb	 0.0% Packages/com.unity.purchasing/Runtime/Codeless/CodelessIAPButton.cs
 0.1 kb	 0.0% Packages/com.unity.purchasing/Runtime/AppleMacosStub/OSXStoreBindings.cs
 0.1 kb	 0.0% Packages/com.unity.purchasing/Runtime/AppleCore/INativeAppleStore.cs
 0.1 kb	 0.0% Packages/com.unity.ads/Runtime/Advertisement/Utilities/EnumUtilities.cs
 0.1 kb	 0.0% Packages/com.unity.ads/Runtime/Advertisement/Utilities/ApplicationQuit.cs
 0.1 kb	 0.0% Packages/com.unity.ads/Runtime/Advertisement/Platform/Editor/EditorBanner.cs
 0.1 kb	 0.0% Packages/com.unity.ads/Runtime/Advertisement/Platform/Android/BannerBundle.cs
 0.1 kb	 0.0% Packages/com.unity.ads/Runtime/Advertisement/Platform/Android/AndroidShowListener.cs
 0.1 kb	 0.0% Packages/com.unity.ads/Runtime/Advertisement/Platform/Android/AndroidLoadListener.cs
 0.1 kb	 0.0% Packages/com.unity.ads/Runtime/Advertisement/Events/StartEventArgs.cs
 0.1 kb	 0.0% Packages/com.unity.ads/Runtime/Advertisement/Events/FinishEventArgs.cs
 0.1 kb	 0.0% Packages/com.unity.ads/Runtime/Advertisement/BannerLoadOptions.cs
 0.1 kb	 0.0% Packages/com.coplaydev.unity-mcp/Runtime/Helpers/UnityFindObjectsCompat.cs
 0.1 kb	 0.0% Packages/com.coplaydev.unity-mcp/Runtime/Helpers/UnityAssembliesCompat.cs
 0.1 kb	 0.0% Packages/com.unity.timeline/Runtime/Utilities/AnimationPreviewUtilities.cs
 0.1 kb	 0.0% Packages/com.unity.timeline/Runtime/Playables/TimeNotificationBehaviour.cs
 0.1 kb	 0.0% Packages/com.unity.timeline/Runtime/Playables/ActivationControlPlayable.cs
 0.1 kb	 0.0% Packages/com.unity.timeline/Runtime/Events/INotificationOptionProvider.cs
 0.1 kb	 0.0% Packages/com.unity.test-framework/UnityEngine.TestRunner/Utils/AssemblyProvider/IAssemblyLoadProxy.cs
 0.1 kb	 0.0% Packages/com.unity.test-framework/UnityEngine.TestRunner/Utils/AssemblyProvider/AssemblyLoadProxy.cs
 0.1 kb	 0.0% Packages/com.unity.test-framework/UnityEngine.TestRunner/TestRunner/RemoteHelpers/RemoteTestData.cs
 0.1 kb	 0.0% Packages/com.unity.services.core/Runtime/Core.Internal/Components/Telemetry/IDiagnostics.cs
 0.1 kb	 0.0% Packages/com.unity.services.core/Runtime/Core.Internal/Components/Networking/IHttpClient.cs
 0.1 kb	 0.0% Packages/com.unity.services.core/Runtime/Core.Internal/Components/Networking/HttpResponse.cs
 0.1 kb	 0.0% Packages/com.unity.services.core/Runtime/Core.Internal/Components/Networking/HttpRequest.cs
 0.1 kb	 0.0% Packages/com.unity.services.core/Runtime/Core.Internal/Components/Networking/HttpOptions.cs
 0.1 kb	 0.0% Packages/com.unity.services.core/Runtime/Core.Internal/Components/Authentication/IPlayerId.cs
 0.1 kb	 0.0% Packages/com.unity.services.core/Runtime/Core.Internal/Components/Authentication/IAccessToken.cs
 0.1 kb	 0.0% Packages/com.unity.services.analytics/Runtime/SessionManager.cs
 0.1 kb	 0.0% Packages/com.unity.services.analytics/Runtime/Runtime/WebRequestHelper.cs
 0.1 kb	 0.0% Packages/com.unity.services.analytics/Runtime/Platform/DeviceVolume.cs
 0.1 kb	 0.0% Packages/com.unity.services.analytics/Runtime/IdentityManager.cs
 0.1 kb	 0.0% Packages/com.unity.purchasing/Runtime/WinRTCore/IWinRT.cs
 0.1 kb	 0.0% Packages/com.unity.purchasing/Runtime/Stores/Util/IRetryPolicy.cs
 0.1 kb	 0.0% Packages/com.unity.purchasing/Runtime/SecurityStub/Obfuscator.cs
 0.1 kb	 0.0% Packages/com.unity.purchasing/Runtime/SecurityCore/AppleReceipt.cs
 0.1 kb	 0.0% Packages/com.unity.analytics/DataPrivacy/DataPrivacyButton.cs
 0.1 kb	 0.0% Packages/com.coplaydev.unity-mcp/Runtime/Serialization/UnityTypeConverters.cs
 0.1 kb	 0.0% Packages/com.unity.xr.legacyinputhelpers/Runtime/ArmModels/ArmModel.cs
 0.1 kb	 0.0% Packages/com.unity.ugui/Runtime/EventSystem/InputModules/StandaloneInputModule.cs
 0.1 kb	 0.0% Packages/com.unity.test-framework/UnityEngine.TestRunner/Utils/MonoBehaviourTest/IMonoBehaviourTest.cs
 0.1 kb	 0.0% Packages/com.unity.test-framework/UnityEngine.TestRunner/Utils/IPostBuildCleanup.cs
 0.1 kb	 0.0% Packages/com.unity.test-framework/UnityEngine.TestRunner/TestRunner/TestPlatform.cs
 0.1 kb	 0.0% Packages/com.unity.test-framework/UnityEngine.TestRunner/NUnitExtensions/Commands/TestCommandPcHelper.cs
 0.1 kb	 0.0% Packages/com.unity.test-framework/UnityEngine.TestRunner/NUnitExtensions/Commands/TestActionCommand.cs
 0.1 kb	 0.0% Packages/com.unity.test-framework/UnityEngine.TestRunner/NUnitExtensions/Commands/SetUpTearDownCommand.cs
 0.1 kb	 0.0% Packages/com.unity.test-framework/UnityEngine.TestRunner/NUnitExtensions/Commands/EnumerableTestState.cs
 0.1 kb	 0.0% Packages/com.unity.test-framework/UnityEngine.TestRunner/NUnitExtensions/Attributes/UnityTestAttribute.cs
 0.1 kb	 0.0% Packages/com.unity.test-framework/UnityEngine.TestRunner/NUnitExtensions/Attributes/UnitySetUpAttribute.cs
 0.1 kb	 0.0% Packages/com.unity.services.core/Runtime/Telemetry/Metrics/Metrics.cs
 0.1 kb	 0.0% Packages/com.unity.services.core/Runtime/Device/InstallationId.cs
 0.1 kb	 0.0% Packages/com.unity.services.core/Runtime/Core/RequestFailedException.cs
 0.1 kb	 0.0% Packages/com.unity.services.core/Runtime/Core/Initialization/InitializationOptions.cs
 0.1 kb	 0.0% Packages/com.unity.services.core/Runtime/Core/ExternalUserIdProperty.cs
 0.1 kb	 0.0% Packages/com.unity.services.core/Runtime/Core.Internal/Telemetry/CoreDiagnostics.cs
 0.1 kb	 0.0% Packages/com.unity.services.core/Runtime/Core.Internal/Registry/ServiceRegistry/ServiceRegistry.cs
 0.1 kb	 0.0% Packages/com.unity.services.core/Runtime/Core.Internal/Registry/ServiceRegistry/IServiceRegistry.cs
 0.1 kb	 0.0% Packages/com.unity.services.core/Runtime/Core.Internal/Registry/PackageRegistry/PackageRegistry.cs
 0.1 kb	 0.0% Packages/com.unity.services.core/Runtime/Core.Internal/Registry/PackageRegistry/IPackageRegistry.cs
 0.1 kb	 0.0% Packages/com.unity.services.core/Runtime/Core.Internal/Registry/MissingComponent.cs
 0.1 kb	 0.0% Packages/com.unity.services.core/Runtime/Core.Internal/Registry/HashExceptions.cs
 0.1 kb	 0.0% Packages/com.unity.services.core/Runtime/Core.Internal/Registry/DependencyTree.cs
 0.1 kb	 0.0% Packages/com.unity.services.core/Runtime/Core.Internal/Registry/CoreRegistration.cs
 0.1 kb	 0.0% Packages/com.unity.services.core/Runtime/Core.Internal/AsyncOperation/IAsyncOperation.cs
 0.1 kb	 0.0% Packages/com.unity.services.core/Runtime/Core.Internal/AsyncOperation/AsyncOperation.cs
 0.1 kb	 0.0% Packages/com.unity.services.analytics/Runtime/Runtime/IDebugTools.cs
 0.1 kb	 0.0% Packages/com.unity.services.analytics/Runtime/Runtime/AnalyticsContainer.cs
 0.1 kb	 0.0% Packages/com.unity.services.analytics/Runtime/IAnalyticsService.cs
 0.1 kb	 0.0% Packages/com.unity.services.analytics/Runtime/Events/AdImpression/AdImpressionEvent.cs
 0.1 kb	 0.0% Packages/com.unity.purchasing/Runtime/Stores/Util/UnityUtil.cs
 0.1 kb	 0.0% Packages/com.unity.purchasing/Runtime/Stores/Util/FileReference.cs
 0.1 kb	 0.0% Packages/com.unity.purchasing/Runtime/Stores/ProductCatalog.cs
 0.1 kb	 0.0% Packages/com.unity.purchasing/Runtime/Stores/FakeStore/IFakeExtensions.cs
 0.1 kb	 0.0% Packages/com.unity.purchasing/Runtime/Stores/FakeStore/DialogRequest.cs
 0.1 kb	 0.0% Packages/com.unity.purchasing/Runtime/Stores/BaseStore/IStoreInternal.cs
 0.1 kb	 0.0% Packages/com.unity.purchasing/Runtime/Stores/AppleAppStore/IAppleExtensions.cs
 0.1 kb	 0.0% Packages/com.unity.purchasing/Runtime/Stores/AppleAppStore/AppleStoreImpl.cs
 0.1 kb	 0.0% Packages/com.unity.purchasing/Runtime/Stores/AppleAppStore/AppleAppStore.cs
 0.1 kb	 0.0% Packages/com.unity.purchasing/Runtime/Stores/Android/UDP/IUDPExtensions.cs
 0.1 kb	 0.0% Packages/com.unity.purchasing/Runtime/Stores/Android/UDP/INativeUDPStore.cs
 0.1 kb	 0.0% Packages/com.unity.purchasing/Runtime/Stores/Android/UDP/FakeUDPExtension.cs
 0.1 kb	 0.0% Packages/com.unity.purchasing/Runtime/Stores/Android/JSONSerializer.cs
 0.1 kb	 0.0% Packages/com.unity.purchasing/Runtime/Stores/Android/IUnityCallback.cs
 0.1 kb	 0.0% Packages/com.unity.purchasing/Runtime/Stores/Android/GooglePlay/GooglePlayStore.cs
 0.1 kb	 0.0% Packages/com.unity.purchasing/Runtime/Stores/Android/Common/AAR/UnityActivity.cs
 0.1 kb	 0.0% Packages/com.unity.purchasing/Runtime/Stores/Android/Common/AAR/ListExtension.cs
 0.1 kb	 0.0% Packages/com.unity.purchasing/Runtime/Stores/Android/AndroidJavaStore.cs
 0.1 kb	 0.0% Packages/com.unity.purchasing/Runtime/Stores/Android/AmazonAppStore/FakeAmazon.cs
 0.1 kb	 0.0% Packages/com.unity.purchasing/Runtime/Purchasing/StoreListenerProxy.cs
 0.1 kb	 0.0% Packages/com.unity.purchasing/Runtime/Purchasing/PurchasingManager.cs
 0.1 kb	 0.0% Packages/com.unity.purchasing/Runtime/Purchasing/PurchasingFactory.cs
 0.1 kb	 0.0% Packages/com.unity.purchasing/Runtime/Purchasing/PurchaseEventArgs.cs
 0.1 kb	 0.0% Packages/com.unity.purchasing/Runtime/Purchasing/ProductDefinition.cs
 0.1 kb	 0.0% Packages/com.unity.purchasing/Runtime/Purchasing/ProductCollection.cs
 0.1 kb	 0.0% Packages/com.unity.purchasing/Runtime/Purchasing/IExtensionProvider.cs
 0.1 kb	 0.0% Packages/com.unity.purchasing/Runtime/Purchasing/Extension/IStoreCallback.cs
 0.1 kb	 0.0% Packages/com.unity.purchasing/Runtime/Purchasing/Extension/ICatalogProvider.cs
 0.1 kb	 0.0% Packages/com.unity.purchasing/Runtime/Purchasing/Extension/AbstractStore.cs
 0.1 kb	 0.0% Packages/com.unity.purchasing/Runtime/Purchasing/ConfigurationBuilder.cs
 0.1 kb	 0.0% Packages/com.unity.purchasing/Runtime/Purchasing/Analytics/Legacy/LegacyUnityAnalytics.cs
 0.1 kb	 0.0% Packages/com.unity.purchasing/Runtime/Purchasing/Analytics/Interfaces/IAnalyticsAdapter.cs
 0.1 kb	 0.0% Packages/com.unity.purchasing/Runtime/Purchasing/Analytics/CoreAnalyticsAdapter.cs
 0.1 kb	 0.0% Packages/com.unity.purchasing/Runtime/Codeless/BaseIAPButton.cs
 0.1 kb	 0.0% Packages/com.unity.purchasing/Runtime/AppleStub/iOSStoreBindings.cs
 0.1 kb	 0.0% Packages/com.unity.ai.navigation/Runtime/NavMeshModifierVolume.cs
 0.1 kb	 0.0% Packages/com.unity.ads/Runtime/Advertisement/Platform/IPlatform.cs
 0.1 kb	 0.0% Packages/com.unity.ads/Runtime/Advertisement/Platform/INativePlatform.cs
 0.1 kb	 0.0% Packages/com.unity.ads/Runtime/Advertisement/INativeBanner.cs
 0.1 kb	 0.0% Packages/com.unity.ads/Runtime/Advertisement/Configuration.cs
 0.1 kb	 0.0% Packages/com.unity.ads/Runtime/Advertisement/BannerOptions.cs
 0.1 kb	 0.0% Packages/com.unity.ads/Runtime/Advertisement/Advertisement.cs
 0.1 kb	 0.0% Packages/com.coplaydev.unity-mcp/Runtime/Helpers/UnityPhysicsCompat.cs
 0.1 kb	 0.0% Packages/com.coplaydev.unity-mcp/Runtime/Helpers/UnityObjectIdCompat.cs
 0.1 kb	 0.0% Packages/com.coplaydev.unity-mcp/Runtime/Helpers/ScreenshotUtility.cs
 0.1 kb	 0.0% Packages/com.unity.timeline/Runtime/Utilities/TimelineCreateUtilities.cs
 0.1 kb	 0.0% Packages/com.unity.timeline/Runtime/Utilities/TimelineClipExtensions.cs
 0.1 kb	 0.0% Packages/com.unity.timeline/Runtime/Utilities/NotificationUtilities.cs
 0.1 kb	 0.0% Packages/com.unity.timeline/Runtime/Playables/PrefabControlPlayable.cs
 0.1 kb	 0.0% Packages/com.unity.timeline/Runtime/Playables/ParticleControlPlayable.cs
 0.1 kb	 0.0% Packages/com.unity.timeline/Runtime/Playables/DirectorControlPlayable.cs
 0.1 kb	 0.0% Packages/com.unity.timeline/Runtime/Events/Signals/CustomSignalEventDrawer.cs
 0.1 kb	 0.0% Packages/com.unity.timeline/Runtime/Attributes/TimelineHelpURLAttribute.cs
 0.1 kb	 0.0% Packages/com.unity.timeline/Runtime/Animation/AnimationPlayableAsset.cs
 0.1 kb	 0.0% Packages/com.unity.timeline/Runtime/Activation/ActivationPlayableAsset.cs
 0.1 kb	 0.0% Packages/com.unity.timeline/Runtime/Activation/ActivationMixerPlayable.cs
 0.1 kb	 0.0% Packages/com.unity.textmeshpro/Scripts/Runtime/TMP_ScrollbarEventHandler.cs
 0.1 kb	 0.0% Packages/com.unity.textmeshpro/Scripts/Runtime/TMP_PackageResourceImporter.cs
 0.1 kb	 0.0% Packages/com.unity.textmeshpro/Scripts/Runtime/TMP_EditorResourceManager.cs
 0.1 kb	 0.0% Packages/com.unity.test-framework/UnityEngine.TestRunner/Utils/StacktraceFilter.cs
 0.1 kb	 0.0% Packages/com.unity.test-framework/UnityEngine.TestRunner/Utils/IPrebuildSceneSetup.cs
 0.1 kb	 0.0% Packages/com.unity.test-framework/UnityEngine.TestRunner/Utils/CoroutineRunner.cs
 0.1 kb	 0.0% Packages/com.unity.test-framework/UnityEngine.TestRunner/Utils/AssemblyProvider/IAssemblyWrapper.cs
 0.1 kb	 0.0% Packages/com.unity.test-framework/UnityEngine.TestRunner/Utils/AssemblyProvider/AssemblyWrapper.cs
 0.1 kb	 0.0% Packages/com.unity.services.core/Runtime/Core.Internal/Components/Telemetry/IMetrics.cs
 0.1 kb	 0.0% Packages/com.unity.services.analytics/Runtime/Runtime/Persistence.cs
 0.1 kb	 0.0% Packages/com.unity.services.analytics/Runtime/Runtime/Dispatcher.cs
 0.1 kb	 0.0% Packages/com.unity.services.analytics/Runtime/Runtime/DiskCache.cs
 0.1 kb	 0.0% Packages/com.unity.purchasing/Runtime/Purchasing/Utilites/ILoggerExtensions.cs
 0.1 kb	 0.0% Packages/com.unity.ugui/Runtime/UI/Core/Utility/ReflectionMethodsCache.cs
 0.1 kb	 0.0% Packages/com.unity.ugui/Runtime/UI/Core/MultipleDisplayUtilities.cs
 0.1 kb	 0.0% Packages/com.unity.ugui/Runtime/UI/Core/Layout/HorizontalLayoutGroup.cs
 0.1 kb	 0.0% Packages/com.unity.ugui/Runtime/UI/Core/IGraphicEnabledDisabled.cs
 0.1 kb	 0.0% Packages/com.unity.ugui/Runtime/UI/Core/GraphicRebuildTracker.cs
 0.1 kb	 0.0% Packages/com.unity.ugui/Runtime/UI/Core/Culling/RectangularVertexClipper.cs
 0.1 kb	 0.0% Packages/com.unity.ugui/Runtime/EventSystem/UIElements/PanelEventHandler.cs
 0.1 kb	 0.0% Packages/com.unity.ugui/Runtime/EventSystem/Raycasters/Physics2DRaycaster.cs
 0.1 kb	 0.0% Packages/com.unity.ugui/Runtime/EventSystem/InputModules/PointerInputModule.cs
 0.1 kb	 0.0% Packages/com.unity.timeline/Runtime/TimelineAttributes.cs
 0.1 kb	 0.0% Packages/com.unity.timeline/Runtime/Playables/BasicScriptPlayable.cs
 0.1 kb	 0.0% Packages/com.unity.test-framework/UnityEngine.TestRunner/Utils/ITestRunCallback.cs
 0.1 kb	 0.0% Packages/com.unity.test-framework/UnityEngine.TestRunner/Utils/AttributeHelper.cs
 0.1 kb	 0.0% Packages/com.unity.test-framework/UnityEngine.TestRunner/NUnitExtensions/Attributes/TestEnumerator.cs
 0.1 kb	 0.0% Packages/com.unity.test-framework/UnityEngine.TestRunner/Assertions/LogScope/ILogScope.cs
 0.1 kb	 0.0% Packages/com.unity.services.core/Runtime/Device/UserIdProviders/AndroidUtils.cs
 0.1 kb	 0.0% Packages/com.unity.services.core/Runtime/Core/UnityServicesBuilder.cs
 0.1 kb	 0.0% Packages/com.unity.services.core/Runtime/Core.Internal/Telemetry/CoreMetrics.cs
 0.1 kb	 0.0% Packages/com.unity.services.core/Runtime/Core.Internal/Registry/CoreRegistry.cs
 0.1 kb	 0.0% Packages/com.unity.services.core/Runtime/Core.Internal/Logging/CoreLogger.cs
 0.1 kb	 0.0% Packages/com.unity.services.core/Runtime/Core.Internal/Components/Wire/ChannelToken.cs
 0.1 kb	 0.0% Packages/com.unity.services.core/Runtime/Core.Internal/Components/Qos/IQosResults.cs
 0.1 kb	 0.0% Packages/com.unity.services.analytics/Runtime/StdGenerator.cs
 0.1 kb	 0.0% Packages/com.unity.services.analytics/Runtime/Runtime/Ua2CoreInitializeCallback.cs
 0.1 kb	 0.0% Packages/com.unity.services.analytics/Runtime/Runtime/Consent/CoreStatsHelper.cs
 0.1 kb	 0.0% Packages/com.unity.services.analytics/Runtime/Events/Transaction/TransactionEvent.cs
 0.1 kb	 0.0% Packages/com.unity.services.analytics/Runtime/AnalyticsService.cs
 0.1 kb	 0.0% Packages/com.unity.purchasing/Runtime/WinRTStub/Factory.cs
 0.1 kb	 0.0% Packages/com.unity.purchasing/Runtime/Stores/WindowsStore/WindowsStore.cs
 0.1 kb	 0.0% Packages/com.unity.purchasing/Runtime/Stores/WindowsStore/WinRTStore.cs
 0.1 kb	 0.0% Packages/com.unity.purchasing/Runtime/Stores/Networking/QueryHelper.cs
 0.1 kb	 0.0% Packages/com.unity.purchasing/Runtime/Stores/FakeStore/UIFakeStore.cs
 0.1 kb	 0.0% Packages/com.unity.purchasing/Runtime/Stores/FakeStore/FakeStore.cs
 0.1 kb	 0.0% Packages/com.unity.purchasing/Runtime/Stores/BaseStore/JSONStore.cs
 0.1 kb	 0.0% Packages/com.unity.purchasing/Runtime/Stores/AppleAppStore/MacAppStore.cs
 0.1 kb	 0.0% Packages/com.unity.purchasing/Runtime/Stores/Android/UDP/UDPBindings.cs
 0.1 kb	 0.0% Packages/com.unity.purchasing/Runtime/Stores/Android/JavaBridge.cs
 0.1 kb	 0.0% Packages/com.unity.purchasing/Runtime/Stores/Android/GooglePlay/GooglePlay.cs
 0.1 kb	 0.0% Packages/com.unity.purchasing/Runtime/Stores/Android/AmazonAppStore/AmazonApps.cs
 0.1 kb	 0.0% Packages/com.unity.purchasing/Runtime/Purchasing/UnityPurchasing.cs
 0.1 kb	 0.0% Packages/com.unity.purchasing/Runtime/Purchasing/UnifiedReceipt.cs
 0.1 kb	 0.0% Packages/com.unity.purchasing/Runtime/Purchasing/TransactionLog.cs
 0.1 kb	 0.0% Packages/com.unity.purchasing/Runtime/Purchasing/ProductMetadata.cs
 0.1 kb	 0.0% Packages/com.unity.purchasing/Runtime/Purchasing/PayoutDefinition.cs
 0.1 kb	 0.0% Packages/com.unity.purchasing/Runtime/Purchasing/IStoreListener.cs
 0.1 kb	 0.0% Packages/com.unity.purchasing/Runtime/Purchasing/IStoreController.cs
 0.1 kb	 0.0% Packages/com.unity.purchasing/Runtime/Purchasing/Extension/IStoreExtension.cs
 0.1 kb	 0.0% Packages/com.unity.purchasing/Runtime/Purchasing/Analytics/Models/GoogleReceipt.cs
 0.1 kb	 0.0% Packages/com.unity.purchasing/Runtime/Purchasing/Analytics/Interfaces/IAnalyticsClient.cs
 0.1 kb	 0.0% Packages/com.unity.purchasing/Runtime/Purchasing/Analytics/AnalyticsClient.cs
 0.1 kb	 0.0% Packages/com.unity.purchasing/Runtime/Codeless/IAPListener.cs
 0.1 kb	 0.0% Packages/com.unity.purchasing/Runtime/Codeless/IAPButton.cs
 0.1 kb	 0.0% Packages/com.unity.ads/Runtime/Advertisement/Utilities/Color.cs
 0.1 kb	 0.0% Packages/com.unity.ads/Runtime/Advertisement/ShowOptions.cs
 0.1 kb	 0.0% Packages/com.unity.ads/Runtime/Advertisement/Platform/Platform.cs
 0.1 kb	 0.0% Packages/com.unity.ads/Runtime/Advertisement/Platform/Editor/Placeholder.cs
 0.1 kb	 0.0% Packages/com.coplaydev.unity-mcp/Runtime/Helpers/UnityCompatShims.cs
 0.1 kb	 0.0% Packages/com.unity.ugui/Runtime/UI/Animation/CoroutineTween.cs
 0.1 kb	 0.0% Packages/com.unity.ugui/Runtime/EventSystem/EventInterfaces.cs
 0.1 kb	 0.0% Packages/com.unity.timeline/Runtime/Utilities/IPropertyCollector.cs
 0.1 kb	 0.0% Packages/com.unity.timeline/Runtime/Utilities/AnimatorBindingCache.cs
 0.1 kb	 0.0% Packages/com.unity.timeline/Runtime/Playables/TimeControlPlayable.cs
 0.1 kb	 0.0% Packages/com.unity.timeline/Runtime/Evaluation/ScheduleRuntimeClip.cs
 0.1 kb	 0.0% Packages/com.unity.timeline/Runtime/Evaluation/InfiniteRuntimeClip.cs
 0.1 kb	 0.0% Packages/com.unity.timeline/Runtime/Control/ControlPlayableAsset.cs
 0.1 kb	 0.0% Packages/com.unity.timeline/Runtime/Audio/AudioPlayableAsset.cs
 0.1 kb	 0.0% Packages/com.unity.timeline/Runtime/Audio/AudioMixerProperties.cs
 0.1 kb	 0.0% Packages/com.unity.timeline/Runtime/Audio/AudioClipProperties.cs
 0.1 kb	 0.0% Packages/com.unity.timeline/Runtime/Attributes/TrackColorAttribute.cs
 0.1 kb	 0.0% Packages/com.unity.textmeshpro/Scripts/Runtime/TMPro_ExtensionMethods.cs
 0.1 kb	 0.0% Packages/com.unity.textmeshpro/Scripts/Runtime/TMP_TextParsingUtilities.cs
 0.1 kb	 0.0% Packages/com.unity.textmeshpro/Scripts/Runtime/TMP_TextElement_Legacy.cs
 0.1 kb	 0.0% Packages/com.unity.textmeshpro/Scripts/Runtime/TMP_FontAssetUtilities.cs
 0.1 kb	 0.0% Packages/com.unity.textmeshpro/Scripts/Runtime/MaterialReferenceManager.cs
 0.1 kb	 0.0% Packages/com.unity.services.core/Runtime/Core.Internal/Components/Vivox/IVivox.cs
 0.1 kb	 0.0% Packages/com.unity.services.analytics/Runtime/Runtime/BufferX.cs
 0.1 kb	 0.0% Packages/com.unity.services.analytics/Runtime/Runtime/Buffer.cs
 0.1 kb	 0.0% Packages/com.unity.services.analytics/Runtime/Platform/Locale.cs
 0.1 kb	 0.0% Packages/com.unity.analytics/DataPrivacy/DataPrivacy.cs
 0.1 kb	 0.0% Packages/com.unity.ads/Runtime/Advertisement/Utilities/MiniJSON.cs
 0.1 kb	 0.0% Packages/com.unity.ugui/Runtime/UI/Core/SetPropertyUtility.cs
 0.1 kb	 0.0% Packages/com.unity.ugui/Runtime/UI/Core/MaterialModifiers/IMaterialModifier.cs
 0.1 kb	 0.0% Packages/com.unity.ugui/Runtime/UI/Core/Layout/VerticalLayoutGroup.cs
 0.1 kb	 0.0% Packages/com.unity.ugui/Runtime/UI/Core/Layout/ContentSizeFitter.cs
 0.1 kb	 0.0% Packages/com.unity.ugui/Runtime/UI/Core/Layout/AspectRatioFitter.cs
 0.1 kb	 0.0% Packages/com.unity.ugui/Runtime/UI/Core/FontUpdateTracker.cs
 0.1 kb	 0.0% Packages/com.unity.ugui/Runtime/UI/Core/CanvasUpdateRegistry.cs
 0.1 kb	 0.0% Packages/com.unity.ugui/Runtime/UI/Core/AnimationTriggers.cs
 0.1 kb	 0.0% Packages/com.unity.ugui/Runtime/EventSystem/UIElements/PanelRaycaster.cs
 0.1 kb	 0.0% Packages/com.unity.ugui/Runtime/EventSystem/Raycasters/PhysicsRaycaster.cs
 0.1 kb	 0.0% Packages/com.unity.ugui/Runtime/EventSystem/Raycasters/BaseRaycaster.cs
 0.1 kb	 0.0% Packages/com.unity.ugui/Runtime/EventSystem/RaycasterManager.cs
 0.1 kb	 0.0% Packages/com.unity.ugui/Runtime/EventSystem/RaycastResult.cs
 0.1 kb	 0.0% Packages/com.unity.ugui/Runtime/EventSystem/InputModules/TouchInputModule.cs
 0.1 kb	 0.0% Packages/com.unity.ugui/Runtime/EventSystem/InputModules/BaseInputModule.cs
 0.1 kb	 0.0% Packages/com.unity.ugui/Runtime/EventSystem/ExecuteEvents.cs
 0.1 kb	 0.0% Packages/com.unity.ugui/Runtime/EventSystem/EventData/PointerEventData.cs
 0.1 kb	 0.0% Packages/com.unity.ugui/Runtime/EventSystem/EventData/BaseEventData.cs
 0.1 kb	 0.0% Packages/com.unity.ugui/Runtime/EventSystem/EventData/AxisEventData.cs
 0.1 kb	 0.0% Packages/com.unity.timeline/Runtime/Extensions/TrackExtensions.cs
 0.1 kb	 0.0% Packages/com.unity.timeline/Runtime/ClipCaps.cs
 0.1 kb	 0.0% Packages/com.unity.textmeshpro/Scripts/Runtime/TMP_TextProcessingStack.cs
 0.1 kb	 0.0% Packages/com.unity.textmeshpro/Scripts/Runtime/TMP_FontFeaturesCommon.cs
 0.1 kb	 0.0% Packages/com.unity.test-framework/UnityEngine.TestRunner/Assertions/LogScope/LogScope.cs
 0.1 kb	 0.0% Packages/com.unity.test-framework/UnityEngine.TestRunner/Assertions/LogScope/LogMatch.cs
 0.1 kb	 0.0% Packages/com.unity.test-framework/UnityEngine.TestRunner/Assertions/LogScope/LogEvent.cs
 0.1 kb	 0.0% Packages/com.unity.test-framework/UnityEngine.TestRunner/Assertions/LogAssert.cs
 0.1 kb	 0.0% Packages/com.unity.services.core/Runtime/Core/Utils/UnityThreadUtils.cs
 0.1 kb	 0.0% Packages/com.unity.services.core/Runtime/Core/UnityServices.cs
 0.1 kb	 0.0% Packages/com.unity.services.core/Runtime/Core/IUnityServices.cs
 0.1 kb	 0.0% Packages/com.unity.services.core/Runtime/Core/CommonErrorCodes.cs
 0.1 kb	 0.0% Packages/com.unity.services.core/Runtime/Core.Internal/Components/Wire/IWire.cs
 0.1 kb	 0.0% Packages/com.unity.services.core/Runtime/Core.Internal/Components/Wire/IChannel.cs
 0.1 kb	 0.0% Packages/com.unity.services.analytics/Runtime/SdkVersion.cs
 0.1 kb	 0.0% Packages/com.unity.services.analytics/Runtime/Events/CustomEvent.cs
 0.1 kb	 0.0% Packages/com.unity.purchasing/Runtime/Stores/Android/UDP/UDPImpl.cs
 0.1 kb	 0.0% Packages/com.unity.purchasing/Runtime/Purchasing/Extension/IStore.cs
 0.1 kb	 0.0% Packages/com.unity.ai.navigation/Runtime/NavMeshSurface.cs
 0.1 kb	 0.0% Packages/com.unity.ai.navigation/Runtime/NavMeshModifier.cs
 0.1 kb	 0.0% Packages/com.unity.ads/Runtime/Advertisement/MetaData.cs
 0.1 kb	 0.0% Packages/com.unity.ads/Runtime/Advertisement/IBanner.cs
 0.1 kb	 0.0% Packages/com.unity.ads/Runtime/Advertisement/Banner.cs
 0.1 kb	 0.0% Packages/com.unity.timeline/Runtime/Utilities/WeightUtility.cs
 0.1 kb	 0.0% Packages/com.unity.timeline/Runtime/Utilities/IPropertyPreview.cs
 0.1 kb	 0.0% Packages/com.unity.timeline/Runtime/Utilities/Extrapolation.cs
 0.1 kb	 0.0% Packages/com.unity.timeline/Runtime/TimelinePlayable.cs
 0.1 kb	 0.0% Packages/com.unity.timeline/Runtime/TimelineAsset.cs
 0.1 kb	 0.0% Packages/com.unity.timeline/Runtime/Scripting/PlayableTrack.cs
 0.1 kb	 0.0% Packages/com.unity.timeline/Runtime/Events/Signals/SignalReceiver.cs
 0.1 kb	 0.0% Packages/com.unity.timeline/Runtime/Events/Signals/SignalEmitter.cs
 0.1 kb	 0.0% Packages/com.unity.timeline/Runtime/Evaluation/RuntimeElement.cs
 0.1 kb	 0.0% Packages/com.unity.timeline/Runtime/Evaluation/RuntimeClipBase.cs
 0.1 kb	 0.0% Packages/com.unity.timeline/Runtime/Animation/AnimationTrack.cs
 0.1 kb	 0.0% Packages/com.unity.timeline/Runtime/Activation/ActivationTrack.cs
 0.1 kb	 0.0% Packages/com.unity.textmeshpro/Scripts/Runtime/TMPro_EventManager.cs
 0.1 kb	 0.0% Packages/com.unity.textmeshpro/Scripts/Runtime/TMP_UpdateRegistery.cs
 0.1 kb	 0.0% Packages/com.unity.textmeshpro/Scripts/Runtime/TMP_UpdateManager.cs
 0.1 kb	 0.0% Packages/com.unity.textmeshpro/Scripts/Runtime/TMP_TextUtilities.cs
 0.1 kb	 0.0% Packages/com.unity.textmeshpro/Scripts/Runtime/TMP_SpriteCharacter.cs
 0.1 kb	 0.0% Packages/com.unity.textmeshpro/Scripts/Runtime/TMP_SpriteAnimator.cs
 0.1 kb	 0.0% Packages/com.unity.textmeshpro/Scripts/Runtime/TMP_SelectionCaret.cs
 0.1 kb	 0.0% Packages/com.unity.textmeshpro/Scripts/Runtime/TMP_ResourcesManager.cs
 0.1 kb	 0.0% Packages/com.unity.textmeshpro/Scripts/Runtime/TMP_MaterialManager.cs
 0.1 kb	 0.0% Packages/com.unity.textmeshpro/Scripts/Runtime/TMP_InputValidator.cs
 0.1 kb	 0.0% Packages/com.unity.textmeshpro/Scripts/Runtime/TMP_FontFeatureTable.cs
 0.1 kb	 0.0% Packages/com.unity.textmeshpro/Scripts/Runtime/TMP_DefaultControls.cs
 0.1 kb	 0.0% Packages/com.unity.textmeshpro/Scripts/Runtime/TMP_Compatibility.cs
 0.1 kb	 0.0% Packages/com.unity.textmeshpro/Scripts/Runtime/TMP_ColorGradient.cs
 0.1 kb	 0.0% Packages/com.unity.textmeshpro/Scripts/Runtime/TMP_CharacterInfo.cs
 0.1 kb	 0.0% Packages/com.unity.textmeshpro/Scripts/Runtime/ITextPreProcessor.cs
 0.1 kb	 0.0% Packages/com.unity.test-framework/UnityEngine.TestRunner/Utils/Utils.cs
 0.1 kb	 0.0% Packages/com.unity.test-framework/UnityEngine.TestRunner/Assertions/Is.cs
 0.1 kb	 0.0% Packages/com.unity.purchasing/Runtime/Common/VersionCheck.cs
 0.1 kb	 0.0% Packages/com.unity.purchasing/Runtime/Common/INativeStore.cs
 0.1 kb	 0.0% Packages/com.unity.ugui/Runtime/UI/Core/VertexModifiers/PositionAsUV1.cs
 0.1 kb	 0.0% Packages/com.unity.ugui/Runtime/UI/Core/VertexModifiers/IMeshModifier.cs
 0.1 kb	 0.0% Packages/com.unity.ugui/Runtime/UI/Core/VertexModifiers/BaseMeshEffect.cs
 0.1 kb	 0.0% Packages/com.unity.ugui/Runtime/UI/Core/StencilMaterial.cs
 0.1 kb	 0.0% Packages/com.unity.ugui/Runtime/UI/Core/MaskableGraphic.cs
 0.1 kb	 0.0% Packages/com.unity.ugui/Runtime/UI/Core/MaskUtilities.cs
 0.1 kb	 0.0% Packages/com.unity.ugui/Runtime/UI/Core/Layout/LayoutUtility.cs
 0.1 kb	 0.0% Packages/com.unity.ugui/Runtime/UI/Core/Layout/LayoutRebuilder.cs
 0.1 kb	 0.0% Packages/com.unity.ugui/Runtime/UI/Core/Layout/LayoutElement.cs
 0.1 kb	 0.0% Packages/com.unity.ugui/Runtime/UI/Core/Layout/ILayoutElement.cs
 0.1 kb	 0.0% Packages/com.unity.ugui/Runtime/UI/Core/Layout/GridLayoutGroup.cs
 0.1 kb	 0.0% Packages/com.unity.ugui/Runtime/UI/Core/GraphicRegistry.cs
 0.1 kb	 0.0% Packages/com.unity.ugui/Runtime/UI/Core/GraphicRaycaster.cs
 0.1 kb	 0.0% Packages/com.unity.ugui/Runtime/UI/Core/DefaultControls.cs
 0.1 kb	 0.0% Packages/com.unity.ugui/Runtime/UI/Core/Culling/ClipperRegistry.cs
 0.1 kb	 0.0% Packages/com.unity.ugui/Runtime/EventSystem/UIBehaviour.cs
 0.1 kb	 0.0% Packages/com.unity.ugui/Runtime/EventSystem/InputModules/BaseInput.cs
 0.1 kb	 0.0% Packages/com.unity.ugui/Runtime/EventSystem/EventTrigger.cs
 0.1 kb	 0.0% Packages/com.unity.ugui/Runtime/EventSystem/EventSystem.cs
 0.1 kb	 0.0% Packages/com.unity.textmeshpro/Scripts/Runtime/TMPro_MeshUtilities.cs
 0.1 kb	 0.0% Packages/com.unity.textmeshpro/Scripts/Runtime/TMP_ShaderUtilities.cs
 0.1 kb	 0.0% Packages/com.unity.textmeshpro/Scripts/Runtime/TMP_RichTextTagsCommon.cs
 0.1 kb	 0.0% Packages/com.unity.textmeshpro/Scripts/Runtime/TMP_FontAssetCommon.cs
 0.1 kb	 0.0% Packages/com.unity.services.analytics/Runtime/Events/Event.cs
 0.1 kb	 0.0% Packages/com.unity.purchasing/Runtime/Stores/Android/UDP/UDP.cs
 0.1 kb	 0.0% Packages/com.unity.purchasing/Runtime/Purchasing/Product.cs
 0.1 kb	 0.0% Packages/com.unity.purchasing/Runtime/Common/MiniJSON.cs
 0.1 kb	 0.0% Packages/com.unity.ai.navigation/Runtime/NavMeshLink.cs
 0.1 kb	 0.0% Assets/Script/DynamicScreenBoundaries.cs
 0.1 kb	 0.0% Assets/Script/BluetoothInputManager.cs
 0.1 kb	 0.0% Packages/com.unity.timeline/Runtime/Utilities/TimelineUndo.cs
 0.1 kb	 0.0% Packages/com.unity.timeline/Runtime/Utilities/TimeUtility.cs
 0.1 kb	 0.0% Packages/com.unity.timeline/Runtime/Utilities/HashUtility.cs
 0.1 kb	 0.0% Packages/com.unity.timeline/Runtime/TrackAsset.cs
 0.1 kb	 0.0% Packages/com.unity.timeline/Runtime/TimelineClip.cs
 0.1 kb	 0.0% Packages/com.unity.timeline/Runtime/Playables/ITimeControl.cs
 0.1 kb	 0.0% Packages/com.unity.timeline/Runtime/ILayerable.cs
 0.1 kb	 0.0% Packages/com.unity.timeline/Runtime/GroupTrack.cs
 0.1 kb	 0.0% Packages/com.unity.timeline/Runtime/Events/Signals/SignalAsset.cs
 0.1 kb	 0.0% Packages/com.unity.timeline/Runtime/Events/SignalTrack.cs
 0.1 kb	 0.0% Packages/com.unity.timeline/Runtime/Events/MarkerTrack.cs
 0.1 kb	 0.0% Packages/com.unity.timeline/Runtime/Events/MarkerList.cs
 0.1 kb	 0.0% Packages/com.unity.timeline/Runtime/Evaluation/RuntimeClip.cs
 0.1 kb	 0.0% Packages/com.unity.timeline/Runtime/Evaluation/IntervalTree.cs
 0.1 kb	 0.0% Packages/com.unity.timeline/Runtime/DiscreteTime.cs
 0.1 kb	 0.0% Packages/com.unity.timeline/Runtime/Control/ControlTrack.cs
 0.1 kb	 0.0% Packages/com.unity.timeline/Runtime/Audio/AudioTrack.cs
 0.1 kb	 0.0% Packages/com.unity.timeline/Runtime/AssetUpgrade/ClipUpgrade.cs
 0.1 kb	 0.0% Packages/com.unity.timeline/Runtime/Animation/ICurvesOwner.cs
 0.1 kb	 0.0% Packages/com.unity.textmeshpro/Scripts/Runtime/TextMeshProUGUI.cs
 0.1 kb	 0.0% Packages/com.unity.textmeshpro/Scripts/Runtime/TextContainer.cs
 0.1 kb	 0.0% Packages/com.unity.textmeshpro/Scripts/Runtime/TMP_TextElement.cs
 0.1 kb	 0.0% Packages/com.unity.textmeshpro/Scripts/Runtime/TMP_SubMeshUI.cs
 0.1 kb	 0.0% Packages/com.unity.textmeshpro/Scripts/Runtime/TMP_StyleSheet.cs
 0.1 kb	 0.0% Packages/com.unity.textmeshpro/Scripts/Runtime/TMP_SpriteGlyph.cs
 0.1 kb	 0.0% Packages/com.unity.textmeshpro/Scripts/Runtime/TMP_SpriteAsset.cs
 0.1 kb	 0.0% Packages/com.unity.textmeshpro/Scripts/Runtime/TMP_InputField.cs
 0.1 kb	 0.0% Packages/com.unity.textmeshpro/Scripts/Runtime/TMP_FontAsset.cs
 0.1 kb	 0.0% Packages/com.unity.textmeshpro/Scripts/Runtime/TMP_CoroutineTween.cs
 0.1 kb	 0.0% Packages/com.unity.textmeshpro/Scripts/Runtime/TMP_Character.cs
 0.1 kb	 0.0% Packages/com.unity.ugui/Runtime/UI/Core/Utility/VertexHelper.cs
 0.1 kb	 0.0% Packages/com.unity.ugui/Runtime/UI/Core/ToggleGroup.cs
 0.1 kb	 0.0% Packages/com.unity.ugui/Runtime/UI/Core/SpriteState.cs
 0.1 kb	 0.0% Packages/com.unity.ugui/Runtime/UI/Core/Selectable.cs
 0.1 kb	 0.0% Packages/com.unity.ugui/Runtime/UI/Core/Scrollbar.cs
 0.1 kb	 0.0% Packages/com.unity.ugui/Runtime/UI/Core/ScrollRect.cs
 0.1 kb	 0.0% Packages/com.unity.ugui/Runtime/UI/Core/RectMask2D.cs
 0.1 kb	 0.0% Packages/com.unity.ugui/Runtime/UI/Core/Navigation.cs
 0.1 kb	 0.0% Packages/com.unity.ugui/Runtime/UI/Core/Layout/LayoutGroup.cs
 0.1 kb	 0.0% Packages/com.unity.ugui/Runtime/UI/Core/Layout/CanvasScaler.cs
 0.1 kb	 0.0% Packages/com.unity.ugui/Runtime/UI/Core/InputField.cs
 0.1 kb	 0.0% Packages/com.unity.ugui/Runtime/UI/Core/IMaskable.cs
 0.1 kb	 0.0% Packages/com.unity.ugui/Runtime/UI/Core/ColorBlock.cs
 0.1 kb	 0.0% Packages/com.unity.services.core/Runtime/Core/IService.cs
 0.1 kb	 0.0% Packages/com.unity.ai.navigation/Runtime/HelpUrls.cs
 0.1 kb	 0.0% Assets/Script/ShipAuraController.cs
 0.1 kb	 0.0% Assets/Script/RendererExtensions.cs
 0.1 kb	 0.0% Assets/Script/DifficultyManager.cs
 0.1 kb	 0.0% Assets/Script/ClinicalStationHUD.cs
 0.1 kb	 0.0% Assets/Script/AutoDestroyExplosion.cs
 0.1 kb	 0.0% Packages/com.unity.ugui/Runtime/UI/Core/Culling/IClipRegion.cs
 0.1 kb	 0.0% Packages/com.unity.timeline/Runtime/Events/Marker.cs
 0.1 kb	 0.0% Packages/com.unity.timeline/Runtime/Events/IMarker.cs
 0.1 kb	 0.0% Packages/com.unity.textmeshpro/Scripts/Runtime/TextMeshPro.cs
 0.1 kb	 0.0% Packages/com.unity.textmeshpro/Scripts/Runtime/TMP_TextInfo.cs
 0.1 kb	 0.0% Packages/com.unity.textmeshpro/Scripts/Runtime/TMP_SubMesh.cs
 0.1 kb	 0.0% Packages/com.unity.textmeshpro/Scripts/Runtime/TMP_Style.cs
 0.1 kb	 0.0% Packages/com.unity.textmeshpro/Scripts/Runtime/TMP_Sprite.cs
 0.1 kb	 0.0% Packages/com.unity.textmeshpro/Scripts/Runtime/TMP_Settings.cs
 0.1 kb	 0.0% Packages/com.unity.textmeshpro/Scripts/Runtime/TMP_MeshInfo.cs
 0.1 kb	 0.0% Packages/com.unity.textmeshpro/Scripts/Runtime/TMP_LineInfo.cs
 0.1 kb	 0.0% Packages/com.unity.textmeshpro/Scripts/Runtime/TMP_Dropdown.cs
 0.1 kb	 0.0% Packages/com.unity.textmeshpro/Scripts/Runtime/TMP_Asset.cs
 0.1 kb	 0.0% Packages/com.unity.textmeshpro/Scripts/Runtime/FastAction.cs
 0.1 kb	 0.0% Packages/com.unity.ugui/Runtime/UI/Core/VertexModifiers/Shadow.cs
 0.1 kb	 0.0% Packages/com.unity.ugui/Runtime/UI/Core/VertexModifiers/Outline.cs
 0.1 kb	 0.0% Packages/com.unity.ugui/Runtime/UI/Core/Toggle.cs
 0.1 kb	 0.0% Packages/com.unity.ugui/Runtime/UI/Core/Slider.cs
 0.1 kb	 0.0% Packages/com.unity.ugui/Runtime/UI/Core/RawImage.cs
 0.1 kb	 0.0% Packages/com.unity.ugui/Runtime/UI/Core/Image.cs
 0.1 kb	 0.0% Packages/com.unity.ugui/Runtime/UI/Core/IMask.cs
 0.1 kb	 0.0% Packages/com.unity.ugui/Runtime/UI/Core/Graphic.cs
 0.1 kb	 0.0% Packages/com.unity.ugui/Runtime/UI/Core/FontData.cs
 0.1 kb	 0.0% Packages/com.unity.ugui/Runtime/UI/Core/Dropdown.cs
 0.1 kb	 0.0% Packages/com.unity.ugui/Runtime/UI/Core/Culling/Clipping.cs
 0.1 kb	 0.0% Packages/com.unity.ugui/Runtime/UI/Core/Button.cs
 0.1 kb	 0.0% Packages/com.unity.purchasing/Runtime/Purchasing/Utilites/Interfaces/IUtil.cs
 0.1 kb	 0.0% Assets/Script/playerController.cs
 0.1 kb	 0.0% Assets/Script/enemyGenerator.cs
 0.1 kb	 0.0% Assets/Script/alienController.cs
 0.1 kb	 0.0% Assets/Script/SessionLogger.cs
 0.1 kb	 0.0% Assets/Script/ScrollingScript.cs
 0.1 kb	 0.0% Assets/Script/ReportUploader.cs
 0.1 kb	 0.0% Assets/Script/EmgCalibrator.cs
 0.1 kb	 0.0% Packages/com.unity.textmeshpro/Scripts/Runtime/TMP_Text.cs
 0.1 kb	 0.0% Packages/com.unity.ugui/Runtime/UI/Core/Text.cs
 0.1 kb	 0.0% Packages/com.unity.ugui/Runtime/UI/Core/Misc.cs
 0.1 kb	 0.0% Packages/com.unity.ugui/Runtime/UI/Core/Mask.cs
 0.1 kb	 0.0% Assets/Script/GameSettings.cs
 0.1 kb	 0.0% Assets/Script/GameManager.cs
 0.1 kb	 0.0% Assets/Script/Bullet.cs
 0.1 kb	 0.0% Assets/Script/GUI.cs
 0.1 kb	 0.0% Assets/Resources/BillingMode.json
-------------------------------------------------------------------------------
Unloading 64 Unused Serialized files (Serialized files now loaded: 0)
Unloading 118 unused Assets / (0.8 MB). Loaded Objects now: 3410.
Memory consumption went from 118.6 MB to 117.8 MB.
Total: 61.872500 ms (FindLiveObjects: 1.183500 ms CreateObjectMapping: 0.222200 ms MarkObjects: 58.804400 ms  DeleteObjects: 1.657300 ms)

DisplayProgressNotification: Build Successful
Build Finished, Result: Success.
Total cache size 267881760
Total cache size after purge 267881760
##utp:{"type":"PlayerBuildInfo","version":2,"phase":"Immediate","time":1789301888405,"processId":30280,"steps":[{"description":"Preprocess Player","duration":49},{"description":"Prepare For Build","duration":13},{"description":"ProducePlayerScriptAssemblies","duration":72500},{"description":"Verify Build setup","duration":54},{"description":"Prepare assets for target platform","duration":12123},{"description":"Prepare splash screen","duration":66},{"description":"Building scenes","duration":800},{"description":"Build scripts DLLs","duration":6916},{"description":"Build GlobalGameManagers file","duration":699},{"description":"Writing asset files","duration":1155},{"description":"Building Resources/unity_builtin_extra","duration":8887},{"description":"Write data build dirty tracking information","duration":122},{"description":"Postprocess built player","duration":7918}],"duration":111302}
[PhysX] Initialized MultithreadedTaskDispatcher with 8 workers.
Unloading 0 Unused Serialized files (Serialized files now loaded: 0)
Loaded scene 'Temp/__Backupscenes/0.backup'
	Deserialize:            1.252 ms
	Integration:            18.067 ms
	Integration of assets:  0.007 ms
	Thread Wait Time:       0.020 ms
	Total Operation Time:   19.346 ms
Unloading 0 unused Assets / (Unknown). Loaded Objects now: 3406.
Memory consumption went from 112.1 MB to 112.1 MB.
Total: 16.170700 ms (FindLiveObjects: 0.321200 ms CreateObjectMapping: 0.097300 ms MarkObjects: 15.726800 ms  DeleteObjects: 0.020900 ms)

[WindowsBuildScript] SUCCESS: Windows build completed at C:\Users\hifzu\Downloads\Re9lay\Builds/Windows\Re9lay.exe (77 MB) in 112.3s
UnityEngine.StackTraceUtility:ExtractStackTrace ()
UnityEngine.DebugLogHandler:LogFormat (UnityEngine.LogType,UnityEngine.Object,string,object[])
UnityEngine.Logger:Log (UnityEngine.LogType,object)
UnityEngine.Debug:Log (object)
WindowsBuildScript:PerformBuild () (at Assets/Editor/WindowsBuildScript.cs:37)

(Filename: Assets/Editor/WindowsBuildScript.cs Line: 37)

Batchmode quit successfully invoked - shutting down!
[PhysX] Initialized MultithreadedTaskDispatcher with 8 workers.
Input System module state changed to: ShutdownInProgress.
Input System polling thread exited.
Input System module state changed to: Shutdown.
[Licensing::IpcConnector] LicenseClient-hifzu-notifications channel disconnected successfully.
[Licensing::IpcConnector] LicenseClient-hifzu channel disconnected successfully.
Cleanup mono
abort_threads: Failed aborting id: 0000000000002B28, mono_thread_manage will ignore it

abort_threads: Failed aborting id: 000000000000865C, mono_thread_manage will ignore it

abort_threads: Failed aborting id: 0000000000002B28, mono_thread_manage will ignore it

abort_threads: Failed aborting id: 000000000000865C, mono_thread_manage will ignore it

debugger-agent: Unable to listen on 5140
[Performance] WinEditorMain                                                                                                        :        1 samples, Peak.  1.89 s (1.0x), Avg.  1.89 s, Total. 1.888 s (1.3%)
[Performance] WinEditorMain.ConfigureCrashHandler                                                                                  :        1 samples, Peak.  65.2 us (1.0x), Avg.  65.2 us, Total. 65.20 us (0.0%)
[Performance] WinEditorMain.CurlRequestInitialize                                                                                  :        1 samples, Peak.  2.77 ms (1.0x), Avg.  2.77 ms, Total. 2.768 ms (0.0%)
[Performance] WinEditorMain.SetupLogFile                                                                                           :        1 samples, Peak.   783 us (1.0x), Avg.   783 us, Total. 782.9 us (0.0%)
[Performance] WinEditorMain.RunNativeTestsIfRequiredAndExit                                                                        :        1 samples, Peak.   300 ns (1.0x), Avg.   300 ns, Total. 300.0 ns (0.0%)
[Performance] WinEditorMain.Licensing                                                                                              :        1 samples, Peak.  1.86 s (1.0x), Avg.  1.86 s, Total. 1.862 s (1.3%)
[Performance] WinEditorMain.InitializeCrashHandler                                                                                 :        1 samples, Peak.  15.8 ms (1.0x), Avg.  15.8 ms, Total. 15.83 ms (0.0%)
[Performance] WinEditorMain.CreateApplication                                                                                      :        1 samples, Peak.   408 us (1.0x), Avg.   408 us, Total. 407.6 us (0.0%)
[Performance] Application.InitializeProject                                                                                        :        1 samples, Peak.  22.8 s (1.0x), Avg.  22.8 s, Total. 22.77 s (16.1%)
[Performance] Application.PackageManager.StartServer                                                                               :        1 samples, Peak.  15.8 ms (1.0x), Avg.  15.8 ms, Total. 15.84 ms (0.0%)
[Performance] Application.AcquireProjectLock                                                                                       :        1 samples, Peak.  9.43 ms (1.0x), Avg.  9.43 ms, Total. 9.426 ms (0.0%)
[Performance] Application.InitializeEngineNoGraphics                                                                               :        1 samples, Peak.   113 ms (1.0x), Avg.   113 ms, Total. 113.3 ms (0.1%)
[Performance] Application.PackageManager.Initialize                                                                                :        1 samples, Peak.   991 ms (1.0x), Avg.   991 ms, Total. 990.9 ms (0.7%)
[Performance] Connecting to Package Manager                                                                                        :       99 samples, Peak.   209 us (35.6x), Avg.  5.87 us, Total. 581.2 us (0.0%)
[Performance] Application.EngineGraphics.Initialize                                                                                :        1 samples, Peak.   693 ms (1.0x), Avg.   693 ms, Total. 692.8 ms (0.5%)
[Performance] Application.GI.Initialize                                                                                            :        1 samples, Peak.  19.0 ms (1.0x), Avg.  19.0 ms, Total. 19.03 ms (0.0%)
[Performance] Application.LoadAllDefaultResourcesFromEditor                                                                        :        1 samples, Peak.  8.62 ms (1.0x), Avg.  8.62 ms, Total. 8.623 ms (0.0%)
[Performance] Application.LoadMonoAssemblies                                                                                       :        1 samples, Peak.  3.38 s (1.0x), Avg.  3.38 s, Total. 3.381 s (2.4%)
[Performance] RestoreManagedReferences                                                                                             :        2 samples, Peak.   163 ms (2.0x), Avg.  81.3 ms, Total. 162.6 ms (0.1%)
[Performance] InitializeOnLoad DrivenRectTransformUndo                                                                             :        2 samples, Peak.  2.24 ms (1.0x), Avg.  2.13 ms, Total. 4.261 ms (0.0%)
[Performance] InitializeOnLoad SceneSearch                                                                                         :        2 samples, Peak.   734 us (1.2x), Avg.   623 us, Total. 1.247 ms (0.0%)
[Performance] InitializeOnLoad CloudBuild                                                                                          :        2 samples, Peak.  20.8 us (1.2x), Avg.  17.4 us, Total. 34.80 us (0.0%)
[Performance] InitializeOnLoad NativeFormatImporterUtility                                                                         :        2 samples, Peak.  14.2 ms (1.4x), Avg.  10.4 ms, Total. 20.84 ms (0.0%)
[Performance] InitializeOnLoad SearchService                                                                                       :        2 samples, Peak.   510 us (1.1x), Avg.   483 us, Total. 966.1 us (0.0%)
[Performance] InitializeOnLoad SettingsService                                                                                     :        2 samples, Peak.  34.3 us (1.2x), Avg.  28.9 us, Total. 57.80 us (0.0%)
[Performance] InitializeOnLoad WindowLayout                                                                                        :        2 samples, Peak.  1.50 ms (1.1x), Avg.  1.37 ms, Total. 2.748 ms (0.0%)
[Performance] InitializeOnLoad AssetStoreContext                                                                                   :        2 samples, Peak.  87.7 ms (1.1x), Avg.  80.6 ms, Total. 161.2 ms (0.1%)
[Performance] InitializeOnLoad PoolManager                                                                                         :        2 samples, Peak.  3.85 ms (1.4x), Avg.  2.74 ms, Total. 5.489 ms (0.0%)
[Performance] InitializeOnLoad MixerEffectDefinitionReloader                                                                       :        2 samples, Peak.  19.8 ms (1.6x), Avg.  12.3 ms, Total. 24.56 ms (0.0%)
[Performance] InitializeOnLoad ProjectSearch                                                                                       :        2 samples, Peak.   406 us (1.2x), Avg.   344 us, Total. 687.8 us (0.0%)
[Performance] InitializeOnLoad UISystemProfilerRenderService                                                                       :        2 samples, Peak.  36.6 us (1.2x), Avg.  31.3 us, Total. 62.60 us (0.0%)
[Performance] InitializeOnLoad EditMode                                                                                            :        2 samples, Peak.  2.15 ms (1.3x), Avg.  1.60 ms, Total. 3.206 ms (0.0%)
[Performance] InitializeOnLoad UnityConnect                                                                                        :        2 samples, Peak.   269 us (1.3x), Avg.   209 us, Total. 417.6 us (0.0%)
[Performance] InitializeOnLoad ManagedDebugger                                                                                     :        2 samples, Peak.  2.72 ms (1.2x), Avg.  2.21 ms, Total. 4.425 ms (0.0%)
[Performance] InitializeOnLoad ShortcutIntegration                                                                                 :        2 samples, Peak.   247 us (1.2x), Avg.   205 us, Total. 410.9 us (0.0%)
[Performance] InitializeOnLoad AddComponentWindow                                                                                  :        2 samples, Peak.   425 us (1.2x), Avg.   353 us, Total. 705.9 us (0.0%)
[Performance] InitializeOnLoad ManagedDebuggerWindow                                                                               :        2 samples, Peak.   548 us (1.2x), Avg.   445 us, Total. 890.9 us (0.0%)
[Performance] InitializeOnLoad CacheServerWindow                                                                                   :        2 samples, Peak.  25.6 us (1.1x), Avg.  23.7 us, Total. 47.40 us (0.0%)
[Performance] InitializeOnLoad PlayModeDownload                                                                                    :        2 samples, Peak.  23.1 ms (2.0x), Avg.  11.9 ms, Total. 23.72 ms (0.0%)
[Performance] InitializeOnLoad MenuItems                                                                                           :        2 samples, Peak.   854 us (1.4x), Avg.   609 us, Total. 1.218 ms (0.0%)
[Performance] InitializeOnLoad PrefabInstanceChangedListener                                                                       :        2 samples, Peak.   728 us (1.3x), Avg.   551 us, Total. 1.102 ms (0.0%)
[Performance] InitializeOnLoad ObjectSelectorSearch                                                                                :        2 samples, Peak.   182 us (1.2x), Avg.   151 us, Total. 301.1 us (0.0%)
[Performance] InitializeOnLoad EditorMonitor                                                                                       :        2 samples, Peak.  2.31 ms (1.1x), Avg.  2.05 ms, Total. 4.106 ms (0.0%)
[Performance] InitializeOnLoad RetainedMode                                                                                        :        2 samples, Peak.  10.6 ms (1.1x), Avg.  9.92 ms, Total. 19.83 ms (0.0%)
[Performance] InitializeOnLoad EditorShaderLoader                                                                                  :        2 samples, Peak.  3.33 ms (1.1x), Avg.  2.95 ms, Total. 5.893 ms (0.0%)
[Performance] InitializeOnLoad EditorDelegateRegistration                                                                          :        2 samples, Peak.  2.08 ms (1.0x), Avg.  2.01 ms, Total. 4.029 ms (0.0%)
[Performance] InitializeOnLoad UIDocumentHierarchyWatcher                                                                          :        2 samples, Peak.   349 us (1.1x), Avg.   318 us, Total. 636.3 us (0.0%)
[Performance] InitializeOnLoad LiveReloadTrackerCreator                                                                            :        2 samples, Peak.   778 us (1.1x), Avg.   734 us, Total. 1.468 ms (0.0%)
[Performance] InitializeOnLoad UxmlObjectEditorFactories                                                                           :        2 samples, Peak.  2.19 ms (1.1x), Avg.  2.06 ms, Total. 4.118 ms (0.0%)
[Performance] InitializeOnLoad UXMLEditorFactories                                                                                 :        2 samples, Peak.   302 ms (1.2x), Avg.   244 ms, Total. 487.1 ms (0.3%)
[Performance] InitializeOnLoad PurchasingService                                                                                   :        2 samples, Peak.  39.4 ms (1.3x), Avg.  31.0 ms, Total. 62.04 ms (0.0%)
[Performance] InitializeOnLoad CloudBuildPoller                                                                                    :        2 samples, Peak.   476 us (1.1x), Avg.   433 us, Total. 865.9 us (0.0%)
[Performance] InitializeOnLoad EditorGameServicesAnalytics                                                                         :        2 samples, Peak.  14.1 ms (1.7x), Avg.  8.53 ms, Total. 17.07 ms (0.0%)
[Performance] InitializeOnLoad AnalyticsService                                                                                    :        2 samples, Peak.  1.42 ms (1.2x), Avg.  1.20 ms, Total. 2.394 ms (0.0%)
[Performance] InitializeOnLoad BuildService                                                                                        :        2 samples, Peak.   723 us (1.2x), Avg.   629 us, Total. 1.257 ms (0.0%)
[Performance] InitializeOnLoad AdsService                                                                                          :        2 samples, Peak.  3.42 ms (1.4x), Avg.  2.51 ms, Total. 5.011 ms (0.0%)
[Performance] InitializeOnLoad UDPService                                                                                          :        2 samples, Peak.  1.17 ms (1.4x), Avg.   855 us, Total. 1.710 ms (0.0%)
[Performance] InitializeOnLoad CrashService                                                                                        :        2 samples, Peak.  1.16 ms (1.4x), Avg.   835 us, Total. 1.670 ms (0.0%)
[Performance] InitializeOnLoad ServicesRepository                                                                                  :        2 samples, Peak.  6.10 us (1.2x), Avg.  5.25 us, Total. 10.50 us (0.0%)
[Performance] InitializeOnLoad SearchWindow                                                                                        :        2 samples, Peak.   521 us (1.1x), Avg.   462 us, Total. 923.0 us (0.0%)
[Performance] InitializeOnLoad CustomIndexers                                                                                      :        2 samples, Peak.   152 ms (1.4x), Avg.   106 ms, Total. 212.0 ms (0.1%)
[Performance] InitializeOnLoad SearchMonitor                                                                                       :        2 samples, Peak.  7.04 ms (1.4x), Avg.  4.93 ms, Total. 9.854 ms (0.0%)
[Performance] InitializeOnLoad ParameterControllerEditor                                                                           :        2 samples, Peak.   120 us (1.2x), Avg.  97.2 us, Total. 194.4 us (0.0%)
[Performance] InitializeOnLoad LayerSettingsWindow                                                                                 :        2 samples, Peak.  70.8 us (1.5x), Avg.  48.7 us, Total. 97.40 us (0.0%)
[Performance] InitializeOnLoad PackageManagerHookGUIDConverter.RegisterPackagesEventHandler                                        :        2 samples, Peak.  5.86 ms (1.9x), Avg.  3.01 ms, Total. 6.015 ms (0.0%)
[Performance] InitializeOnLoad EditorDragAndDrop.RegisterEditorClient                                                              :        2 samples, Peak.  2.52 ms (1.6x), Avg.  1.58 ms, Total. 3.162 ms (0.0%)
[Performance] InitializeOnLoad EditorEventCallbacks.InitializeFontAssetResourceChangeCallBacks                                     :        2 samples, Peak.  8.64 ms (1.5x), Avg.  5.68 ms, Total. 11.36 ms (0.0%)
[Performance] InitializeOnLoad SceneTemplateService.Init                                                                           :        2 samples, Peak.  14.6 ms (1.5x), Avg.  9.79 ms, Total. 19.59 ms (0.0%)
[Performance] InitializeOnLoad DiagnosticSwitchesConsoleMessage.Init                                                               :        2 samples, Peak.  42.8 ms (1.9x), Avg.  22.9 ms, Total. 45.78 ms (0.0%)
[Performance] InitializeOnLoad PackageManagerWindow.EditorInitializedInSafeMode                                                    :        2 samples, Peak.   244 ms (2.0x), Avg.   122 ms, Total. 244.3 ms (0.2%)
[Performance] InitializeOnLoad ToolShortcutContext.Init                                                                            :        2 samples, Peak.  1.00 ms (1.4x), Avg.   741 us, Total. 1.482 ms (0.0%)
[Performance] InitializeOnLoad MemoryProfilerCompilationGuard.InjectCompileGuard                                                   :        2 samples, Peak.   817 us (1.4x), Avg.   578 us, Total. 1.156 ms (0.0%)
[Performance] InitializeOnLoad AssetPostprocessingInternal.RefreshCustomDependencies                                               :        2 samples, Peak.  21.7 ms (1.4x), Avg.  15.9 ms, Total. 31.85 ms (0.0%)
[Performance] InitializeOnLoad SysrootManager.Initialize                                                                           :        2 samples, Peak.  2.55 ms (1.2x), Avg.  2.11 ms, Total. 4.214 ms (0.0%)
[Performance] InitializeOnLoad ScopedRegistryAddedPopup.SubscribeToRegistriesAdded                                                 :        2 samples, Peak.  22.6 ms (1.9x), Avg.  11.7 ms, Total. 23.35 ms (0.0%)
[Performance] InitializeOnLoad SceneVisibilityManager.Initialize                                                                   :        2 samples, Peak.  34.6 ms (1.9x), Avg.  18.5 ms, Total. 36.97 ms (0.0%)
[Performance] InitializeOnLoad EditorWindow.Initialize                                                                             :        2 samples, Peak.  1.35 ms (1.3x), Avg.  1.07 ms, Total. 2.148 ms (0.0%)
[Performance] AssemblyReloadEvents.afterAssemblyReload: UnityEditor.SceneTemplate.SceneTemplateService.AfterAssemblyReload         :        2 samples, Peak.  11.7 ms (1.6x), Avg.  7.47 ms, Total. 14.95 ms (0.0%)
[Performance] ProcessService.EditorAfterLoadAllAssemblies                                                                          :        2 samples, Peak.  1.85 ms (1.4x), Avg.  1.35 ms, Total. 2.705 ms (0.0%)
[Performance] Application.ReadLicenseInfo                                                                                          :        1 samples, Peak.  47.3 ms (1.0x), Avg.  47.3 ms, Total. 47.26 ms (0.0%)
[Performance] Application.InitialRefresh                                                                                           :        1 samples, Peak.  14.8 s (1.0x), Avg.  14.8 s, Total. 14.82 s (10.5%)
[Performance] Compiling Scripts                                                                                                    :        1 samples, Peak.  6.11 s (1.0x), Avg.  6.11 s, Total. 6.112 s (4.3%)
[Performance] AssemblyReloadEvents.beforeAssemblyReload: UnityEditor.SceneTemplate.SceneTemplateService.BeforeAssemblyReload       :        1 samples, Peak.  1.41 ms (1.0x), Avg.  1.41 ms, Total. 1.405 ms (0.0%)
[Performance] InitializeOnLoad CoreStatsIntegration                                                                                :        1 samples, Peak.   786 us (1.0x), Avg.   786 us, Total. 785.6 us (0.0%)
[Performance] InitializeOnLoad BackgroundWatcher                                                                                   :        1 samples, Peak.   446 us (1.0x), Avg.   446 us, Total. 446.3 us (0.0%)
[Performance] InitializeOnLoad UnityTestProtocolStarter                                                                            :        1 samples, Peak.   544 us (1.0x), Avg.   544 us, Total. 543.9 us (0.0%)
[Performance] InitializeOnLoad TestStarter                                                                                         :        1 samples, Peak.  1.81 ms (1.0x), Avg.  1.81 ms, Total. 1.805 ms (0.0%)
[Performance] InitializeOnLoad RerunCallbackInitializer                                                                            :        1 samples, Peak.  9.39 ms (1.0x), Avg.  9.39 ms, Total. 9.386 ms (0.0%)
[Performance] InitializeOnLoad VisualStudioEditor                                                                                  :        1 samples, Peak.  61.9 ms (1.0x), Avg.  61.9 ms, Total. 61.93 ms (0.0%)
[Performance] InitializeOnLoad TestRunnerApiListener                                                                               :        1 samples, Peak.  2.30 ms (1.0x), Avg.  2.30 ms, Total. 2.296 ms (0.0%)
[Performance] InitializeOnLoad VisualStudioIntegration                                                                             :        1 samples, Peak.  11.9 ms (1.0x), Avg.  11.9 ms, Total. 11.90 ms (0.0%)
[Performance] InitializeOnLoad PrefabLayoutRebuilder                                                                               :        1 samples, Peak.  1.70 ms (1.0x), Avg.  1.70 ms, Total. 1.701 ms (0.0%)
[Performance] InitializeOnLoad AnalyticsImporter                                                                                   :        1 samples, Peak.  4.61 ms (1.0x), Avg.  4.61 ms, Total. 4.615 ms (0.0%)
[Performance] InitializeOnLoad AnalyticsEventTrackerEditorCallbacks                                                                :        1 samples, Peak.   739 us (1.0x), Avg.   739 us, Total. 739.1 us (0.0%)
[Performance] InitializeOnLoad RiderScriptEditor                                                                                   :        1 samples, Peak.  19.5 ms (1.0x), Avg.  19.5 ms, Total. 19.47 ms (0.0%)
[Performance] InitializeOnLoad CallbackInitializer                                                                                 :        1 samples, Peak.  3.82 ms (1.0x), Avg.  3.82 ms, Total. 3.818 ms (0.0%)
[Performance] InitializeOnLoad SpriteEditorWindow                                                                                  :        1 samples, Peak.  1.67 ms (1.0x), Avg.  1.67 ms, Total. 1.674 ms (0.0%)
[Performance] InitializeOnLoad PlasticPlugin                                                                                       :        1 samples, Peak.   245 ms (1.0x), Avg.   245 ms, Total. 245.5 ms (0.2%)
[Performance] InitializeOnLoad ToolbarBootstrap                                                                                    :        1 samples, Peak.   107 ms (1.0x), Avg.   107 ms, Total. 107.0 ms (0.1%)
[Performance] InitializeOnLoad PurchasingServiceAnalyticsSender                                                                    :        1 samples, Peak.  3.43 ms (1.0x), Avg.  3.43 ms, Total. 3.432 ms (0.0%)
[Performance] InitializeOnLoad UnityPurchasingEditor                                                                               :        1 samples, Peak.  2.77 ms (1.0x), Avg.  2.77 ms, Total. 2.772 ms (0.0%)
[Performance] InitializeOnLoad PurchasingImporter                                                                                  :        1 samples, Peak.   512 us (1.0x), Avg.   512 us, Total. 512.0 us (0.0%)
[Performance] InitializeOnLoad NavigationWindow                                                                                    :        1 samples, Peak.  1.61 ms (1.0x), Avg.  1.61 ms, Total. 1.611 ms (0.0%)
[Performance] InitializeOnLoad LegacyServerSrcMigration                                                                            :        1 samples, Peak.   507 us (1.0x), Avg.   507 us, Total. 507.3 us (0.0%)
[Performance] InitializeOnLoad TransportCommandDispatcher                                                                          :        1 samples, Peak.  1.17 s (1.0x), Avg.  1.17 s, Total. 1.174 s (0.8%)
[Performance] InitializeOnLoad McpEditorShutdownCleanup                                                                            :        1 samples, Peak.  1.25 ms (1.0x), Avg.  1.25 ms, Total. 1.249 ms (0.0%)
[Performance] InitializeOnLoad StdioBridgeReloadHandler                                                                            :        1 samples, Peak.  1.81 ms (1.0x), Avg.  1.81 ms, Total. 1.815 ms (0.0%)
[Performance] InitializeOnLoad EditorStateCache                                                                                    :        1 samples, Peak.   410 ms (1.0x), Avg.   410 ms, Total. 409.8 ms (0.3%)
[Performance] InitializeOnLoad StdIoVersionMigration                                                                               :        1 samples, Peak.   490 us (1.0x), Avg.   490 us, Total. 490.5 us (0.0%)
[Performance] InitializeOnLoad StartupConfigRewrite                                                                                :        1 samples, Peak.   837 us (1.0x), Avg.   837 us, Total. 836.6 us (0.0%)
[Performance] InitializeOnLoad HttpAutoStartHandler                                                                                :        1 samples, Peak.   641 us (1.0x), Avg.   641 us, Total. 641.2 us (0.0%)
[Performance] InitializeOnLoad StdioBridgeHost                                                                                     :        1 samples, Peak.  2.53 ms (1.0x), Avg.  2.53 ms, Total. 2.528 ms (0.0%)
[Performance] InitializeOnLoad HttpBridgeReloadHandler                                                                             :        1 samples, Peak.  1.35 ms (1.0x), Avg.  1.35 ms, Total. 1.347 ms (0.0%)
[Performance] InitializeOnLoad AssetGenJobManager                                                                                  :        1 samples, Peak.  2.43 ms (1.0x), Avg.  2.43 ms, Total. 2.432 ms (0.0%)
[Performance] InitializeOnLoad TestRunnerNoThrottle                                                                                :        1 samples, Peak.  1.23 ms (1.0x), Avg.  1.23 ms, Total. 1.235 ms (0.0%)
[Performance] InitializeOnLoad ProjectIdentityUtility                                                                              :        1 samples, Peak.   503 us (1.0x), Avg.   503 us, Total. 502.7 us (0.0%)
[Performance] InitializeOnLoad SetupWindowService                                                                                  :        1 samples, Peak.   166 us (1.0x), Avg.   166 us, Total. 166.3 us (0.0%)
[Performance] InitializeOnLoad PlayModeOptionsGuard                                                                                :        1 samples, Peak.  1.06 ms (1.0x), Avg.  1.06 ms, Total. 1.063 ms (0.0%)
[Performance] InitializeOnLoad VSCodeScriptEditor                                                                                  :        1 samples, Peak.  11.9 ms (1.0x), Avg.  11.9 ms, Total. 11.88 ms (0.0%)
[Performance] InitializeOnLoad SceneViewGridManager.Initialize                                                                     :        1 samples, Peak.  20.7 ms (1.0x), Avg.  20.7 ms, Total. 20.69 ms (0.0%)
[Performance] InitializeOnLoad TilemapPrefabStageHelper.Initialize                                                                 :        1 samples, Peak.  6.33 ms (1.0x), Avg.  6.33 ms, Total. 6.327 ms (0.0%)
[Performance] InitializeOnLoad SceneViewOpenTilePaletteHelper.Initialize                                                           :        1 samples, Peak.  4.34 ms (1.0x), Avg.  4.34 ms, Total. 4.344 ms (0.0%)
[Performance] InitializeOnLoad TileDragAndDropManager.Initialize                                                                   :        1 samples, Peak.  1.90 ms (1.0x), Avg.  1.90 ms, Total. 1.905 ms (0.0%)
[Performance] InitializeOnLoad UnityReflect.OnLoad                                                                                 :        1 samples, Peak.  1.56 ms (1.0x), Avg.  1.56 ms, Total. 1.561 ms (0.0%)
[Performance] InitializeOnLoad McpLogRecord.RefreshFromPrefs                                                                       :        1 samples, Peak.   535 us (1.0x), Avg.   535 us, Total. 534.8 us (0.0%)
[Performance] InitializeOnLoad ExecuteCode.OnDomainReload                                                                          :        1 samples, Peak.  1.15 ms (1.0x), Avg.  1.15 ms, Total. 1.154 ms (0.0%)
[Performance] InitializeOnLoad GetMenuItems.BuildCache                                                                             :        1 samples, Peak.  32.8 ms (1.0x), Avg.  32.8 ms, Total. 32.84 ms (0.0%)
[Performance] InitializeOnLoad ObfuscationMigration.MigrateObfuscations                                                            :        1 samples, Peak.  1.06 ms (1.0x), Avg.  1.06 ms, Total. 1.065 ms (0.0%)
[Performance] InitializeOnLoad UnityPurchasingEditor.MigrateBillingMode                                                            :        1 samples, Peak.  2.74 ms (1.0x), Avg.  2.74 ms, Total. 2.736 ms (0.0%)
[Performance] InitializeOnLoad UnityPurchasingEditor.CheckUdpUpmPackageInstalled                                                   :        1 samples, Peak.  2.57 ms (1.0x), Avg.  2.57 ms, Total. 2.572 ms (0.0%)
[Performance] InitializeOnLoad ProductCatalogEditor.MigrateProductCatalog                                                          :        1 samples, Peak.   153 ms (1.0x), Avg.   153 ms, Total. 153.3 ms (0.1%)
[Performance] InitializeOnLoad EngineStateHelper.Init                                                                              :        1 samples, Peak.   837 us (1.0x), Avg.   837 us, Total. 837.0 us (0.0%)
[Performance] InitializeOnLoad ThreadHelper.Init                                                                                   :        1 samples, Peak.   909 us (1.0x), Avg.   909 us, Total. 909.1 us (0.0%)
[Performance] InitializeOnLoad TestJobDataHolder.ResumeRunningJobs                                                                 :        1 samples, Peak.  2.39 ms (1.0x), Avg.  2.39 ms, Total. 2.395 ms (0.0%)
[Performance] InitializeOnLoad AnalyticsReporter.RegisterCallbacks                                                                 :        1 samples, Peak.   543 us (1.0x), Avg.   543 us, Total. 542.8 us (0.0%)
[Performance] InitializeOnLoad VisualStudioEditor.LegacyVisualStudioCodePackageDisabler                                            :        1 samples, Peak.  13.3 ms (1.0x), Avg.  13.3 ms, Total. 13.26 ms (0.0%)
[Performance] InitializeOnLoad UnityThreadUtils.CaptureUnityThreadInfo                                                             :        1 samples, Peak.   516 us (1.0x), Avg.   516 us, Total. 516.1 us (0.0%)
[Performance] InitializeOnLoad EditorGameServiceRegistry.RegisterAllServices                                                       :        1 samples, Peak.  16.1 ms (1.0x), Avg.  16.1 ms, Total. 16.11 ms (0.0%)
[Performance] InitializeOnLoad ServiceInstallationListener.RegisterToEvents                                                        :        1 samples, Peak.  3.10 ms (1.0x), Avg.  3.10 ms, Total. 3.095 ms (0.0%)
[Performance] InitializeOnLoad ActionSchedulerCleaner.RegisterSchedulerCleaner                                                     :        1 samples, Peak.  1.01 ms (1.0x), Avg.  1.01 ms, Total. 1.012 ms (0.0%)
[Performance] DidReloadScriptsTestRunnerWindow.CompilationCallback                                                                 :        1 samples, Peak.  1.33 ms (1.0x), Avg.  1.33 ms, Total. 1.328 ms (0.0%)
[Performance] DidReloadScriptsTestListCache.ScriptReloaded                                                                         :        1 samples, Peak.  2.89 ms (1.0x), Avg.  2.89 ms, Total. 2.891 ms (0.0%)
[Performance] DidReloadScriptsAdvancedDropdownWindow.OnScriptReload                                                                :        1 samples, Peak.   696 us (1.0x), Avg.   696 us, Total. 696.3 us (0.0%)
[Performance] AssemblyReloadEvents.afterAssemblyReload: MCPForUnity.Editor.Services.StdioBridgeReloadHandler.OnAfterAssemblyReload :        1 samples, Peak.  2.36 ms (1.0x), Avg.  2.36 ms, Total. 2.356 ms (0.0%)
[Performance] AssemblyReloadEvents.afterAssemblyReload: callback in MCPForUnity.Editor.Services.EditorStateCache                   :        1 samples, Peak.  3.35 ms (1.0x), Avg.  3.35 ms, Total. 3.350 ms (0.0%)
[Performance] AssemblyReloadEvents.afterAssemblyReload: MCPForUnity.Editor.Services.HttpBridgeReloadHandler.OnAfterAssemblyReload  :        1 samples, Peak.   373 us (1.0x), Avg.   373 us, Total. 372.8 us (0.0%)
[Performance] AssemblyReloadEvents.afterAssemblyReload: MCPForUnity.Editor.Tools.UnityReflect.InvalidateCache                      :        1 samples, Peak.  1.15 ms (1.0x), Avg.  1.15 ms, Total. 1.154 ms (0.0%)
[Performance] SyncVS.PostprocessSyncProject                                                                                        :        3 samples, Peak.  39.0 ms (1.6x), Avg.  25.1 ms, Total. 75.22 ms (0.1%)
[Performance] Application.ImportPackagesAndSetTemplateWhenCreatingProject                                                          :        1 samples, Peak.  35.9 ms (1.0x), Avg.  35.9 ms, Total. 35.89 ms (0.0%)
[Performance] Application.SyncCurrentColorSpace                                                                                    :        1 samples, Peak.   229 ms (1.0x), Avg.   229 ms, Total. 229.3 ms (0.2%)
[Performance] Application.OnUsbDevicesChanged                                                                                      :        1 samples, Peak.   898 us (1.0x), Avg.   898 us, Total. 897.8 us (0.0%)
[Performance] Application.AssetInstanceCacheUpdate                                                                                 :        1 samples, Peak.   400 ns (1.0x), Avg.   400 ns, Total. 400.0 ns (0.0%)
[Performance] Application.UnityExtensions.Initialize                                                                               :        1 samples, Peak.  6.70 ms (1.0x), Avg.  6.70 ms, Total. 6.702 ms (0.0%)
[Performance] CodeEditorProjectSync.SyncEditorProject                                                                              :        1 samples, Peak.   604 ms (1.0x), Avg.   604 ms, Total. 603.8 ms (0.4%)
[Performance] Application.ExecuteStartups                                                                                          :        1 samples, Peak.   174 ms (1.0x), Avg.   174 ms, Total. 173.9 ms (0.1%)
[Performance] Menu.RegisterMenuInterface                                                                                           :       26 samples, Peak.  10.6 us (11.2x), Avg.   950 ns, Total. 24.70 us (0.0%)
[Performance] Gizmo.RebuildRenderers                                                                                               :        2 samples, Peak.   172 ms (1.5x), Avg.   114 ms, Total. 228.8 ms (0.2%)
[Performance] Gizmo.AddGizmoRenderers                                                                                              :      188 samples, Peak.  3.78 ms (56.4x), Avg.  67.0 us, Total. 12.60 ms (0.0%)
[Performance] Application.editorInitializingProject                                                                                :        1 samples, Peak.   493 ms (1.0x), Avg.   493 ms, Total. 493.3 ms (0.3%)
[Performance] Application.InitializeMenu                                                                                           :        1 samples, Peak.   219 ms (1.0x), Avg.   219 ms, Total. 218.8 ms (0.2%)
[Performance] Menu.RebuildAll                                                                                                      :        1 samples, Peak.   219 ms (1.0x), Avg.   219 ms, Total. 218.8 ms (0.2%)
[Performance] Menu.BuildRegisteredMenuInterfaces                                                                                   :        1 samples, Peak.   214 ms (1.0x), Avg.   214 ms, Total. 214.1 ms (0.2%)
[Performance] Menu.FilterMenuItem                                                                                                  :      633 samples, Peak.   109 ms (626.6x), Avg.   174 us, Total. 110.3 ms (0.1%)
[Performance] UpdateAllMenus                                                                                                       :        1 samples, Peak.  1.36 ms (1.0x), Avg.  1.36 ms, Total. 1.359 ms (0.0%)
[Performance] Menu.RebuildOSMainMenu                                                                                               :        2 samples, Peak.  4.57 ms (1.2x), Avg.  3.78 ms, Total. 7.554 ms (0.0%)
[Performance] EditorSceneManager.sceneClosing: UnityEditor.SceneVisibilityManager.EditorSceneManagerOnSceneClosing                 :        5 samples, Peak.  1.47 ms (3.7x), Avg.   397 us, Total. 1.986 ms (0.0%)
[Performance] GUIView.RepaintAll.PlayerLoopController                                                                              :        4 samples, Peak.  13.1 us (1.5x), Avg.  8.80 us, Total. 35.20 us (0.0%)
[Performance] EditorSceneManager.newSceneCreated: UnityEditor.SceneTemplate.SceneTemplateService.OnNewSceneCreated                 :        3 samples, Peak.   637 us (2.8x), Avg.   225 us, Total. 676.3 us (0.0%)
[Performance] EditorSceneManager.newSceneCreated: UnityEditor.SceneVisibilityManager.EditorSceneManagerOnNewSceneCreated           :        3 samples, Peak.   571 us (2.1x), Avg.   276 us, Total. 826.7 us (0.0%)
[Performance] EditorSceneManager.newSceneCreated: UnityEditor.SceneManagement.StageNavigationManager.OnNewSceneCreated             :        3 samples, Peak.   216 us (2.5x), Avg.  86.1 us, Total. 258.4 us (0.0%)
[Performance] Application.InvokeFinishedLoadingProject                                                                             :        1 samples, Peak.  14.1 ms (1.0x), Avg.  14.1 ms, Total. 14.07 ms (0.0%)
[Performance] ProcessService.OnProjectLoaded                                                                                       :        1 samples, Peak.   114 us (1.0x), Avg.   114 us, Total. 114.1 us (0.0%)
[Performance] VersionControl.Task.Wait                                                                                             :        1 samples, Peak.  35.3 us (1.0x), Avg.  35.3 us, Total. 35.30 us (0.0%)
[Performance] Inspector.InitOrRebuild                                                                                              :        3 samples, Peak.  1.33 ms (1.5x), Avg.   895 us, Total. 2.685 ms (0.0%)
[Performance] PaletteAssetModificationProcessor.OnWillSaveAssets                                                                   :        2 samples, Peak.  6.30 ms (1.9x), Avg.  3.25 ms, Total. 6.502 ms (0.0%)
[Performance] AssetModificationProcessor.OnWillSaveAssets                                                                          :        2 samples, Peak.  1.05 ms (1.9x), Avg.   556 us, Total. 1.112 ms (0.0%)
[Performance] UnityCloudProjectLinkMonitor.OnWillSaveAssets                                                                        :        2 samples, Peak.  1.13 ms (1.9x), Avg.   579 us, Total. 1.158 ms (0.0%)
[Performance] BuilderAssetModificationProcessor.OnWillSaveAssets                                                                   :        2 samples, Peak.  1.13 ms (1.9x), Avg.   600 us, Total. 1.200 ms (0.0%)
[Performance] TerrainModificationProcessor.OnWillSaveAssets                                                                        :        2 samples, Peak.  1.72 ms (1.9x), Avg.   888 us, Total. 1.777 ms (0.0%)
[Performance] AssetDatabase.ImportAssets                                                                                           :        6 samples, Peak.   216 ms (6.0x), Avg.  35.9 ms, Total. 215.7 ms (0.2%)
[Performance] PresetManagerPostProcessor.OnPreprocessAsset                                                                         :       87 samples, Peak.   958 us (12.8x), Avg.  74.7 us, Total. 6.498 ms (0.0%)
[Performance] CancelSplashScreenOnAssetChange.OnPreprocessAsset                                                                    :       87 samples, Peak.   359 us (23.5x), Avg.  15.3 us, Total. 1.332 ms (0.0%)
[Performance] TMPro_TexturePostProcessor.OnPostprocessAllAssets                                                                    :        4 samples, Peak.  59.9 ms (2.0x), Avg.  30.7 ms, Total. 122.9 ms (0.1%)
[Performance] AssetPostprocessor.OnPostprocessAllAssets                                                                            :        4 samples, Peak.  2.35 ms (2.0x), Avg.  1.20 ms, Total. 4.817 ms (0.0%)
[Performance] BuilderAssetPostprocessor.OnPostprocessAllAssets                                                                     :        4 samples, Peak.  39.7 ms (1.7x), Avg.  24.0 ms, Total. 96.03 ms (0.1%)
[Performance] ArtifactBrowserPostProcessor.OnPostprocessAllAssets                                                                  :        4 samples, Peak.  1.12 ms (1.7x), Avg.   649 us, Total. 2.596 ms (0.0%)
[Performance] AssetEvents.OnPostprocessAllAssets                                                                                   :        8 samples, Peak.   790 us (3.2x), Avg.   249 us, Total. 1.994 ms (0.0%)
[Performance] AudioMixerPostprocessor.OnPostprocessAllAssets                                                                       :        4 samples, Peak.   850 us (1.9x), Avg.   445 us, Total. 1.778 ms (0.0%)
[Performance] StyleCatalogPostProcessor.OnPostprocessAllAssets                                                                     :        4 samples, Peak.  41.5 ms (2.0x), Avg.  21.0 ms, Total. 84.19 ms (0.1%)
[Performance] BuildCatalog                                                                                                         :        1 samples, Peak.  39.3 ms (1.0x), Avg.  39.3 ms, Total. 39.26 ms (0.0%)
[Performance] ModelImporterPostProcessor.OnPostprocessAllAssets                                                                    :        4 samples, Peak.  6.11 ms (1.2x), Avg.  5.22 ms, Total. 20.89 ms (0.0%)
[Performance] RetainedModeAssetPostprocessor.OnPostprocessAllAssets                                                                :        4 samples, Peak.  10.4 ms (1.9x), Avg.  5.59 ms, Total. 22.35 ms (0.0%)
[Performance] AssetChangedListener.OnPostprocessAllAssets                                                                          :        4 samples, Peak.  6.08 ms (1.1x), Avg.  5.51 ms, Total. 22.04 ms (0.0%)
[Performance] SpeedTreePostProcessor.OnPostprocessAllAssets                                                                        :        4 samples, Peak.  7.32 ms (1.8x), Avg.  3.98 ms, Total. 15.93 ms (0.0%)
[Performance] TextAssetPostProcessor.OnPostprocessAllAssets                                                                        :        4 samples, Peak.  8.56 ms (1.6x), Avg.  5.20 ms, Total. 20.82 ms (0.0%)
[Performance] AssetProcessor.OnPostprocessAllAssets                                                                                :       12 samples, Peak.  1.72 ms (3.1x), Avg.   553 us, Total. 6.635 ms (0.0%)
[Performance] SpriteEditorTexturePostprocessor.OnPostprocessAllAssets                                                              :        4 samples, Peak.   718 us (1.6x), Avg.   443 us, Total. 1.773 ms (0.0%)
[Performance] GenerateAssemblyTypeInfos                                                                                            :        2 samples, Peak.  34.8 ms (1.2x), Avg.  29.1 ms, Total. 58.12 ms (0.0%)
[Performance] AssetDatabase.Refresh                                                                                                :        1 samples, Peak.  11.0 ms (1.0x), Avg.  11.0 ms, Total. 11.04 ms (0.0%)
[Performance] TextureImporter.Import                                                                                               :       86 samples, Peak.   264 ms (2.4x), Avg.   110 ms, Total. 9.470 s (6.7%)
[Performance] EditorApplication.projectChanged: UnityEditor.Audio.MixerEffectDefinitionReloader.OnProjectChanged                   :        1 samples, Peak.  1.66 ms (1.0x), Avg.  1.66 ms, Total. 1.657 ms (0.0%)
[Performance] EditorApplication.projectChanged: MCPForUnity.Editor.Helpers.ProjectIdentityUtility.ScheduleCacheRefresh             :        1 samples, Peak.  81.7 us (1.0x), Avg.  81.7 us, Total. 81.70 us (0.0%)
[Performance] EditorSceneManager.sceneOpened: UnityEditor.SceneTemplate.SceneTemplateService.OnSceneOpened                         :        1 samples, Peak.   756 us (1.0x), Avg.   756 us, Total. 756.1 us (0.0%)
[Performance] EditorSceneManager.sceneOpened: UnityEditor.SceneVisibilityManager.EditorSceneManagerOnSceneOpened                   :        1 samples, Peak.  5.39 ms (1.0x), Avg.  5.39 ms, Total. 5.391 ms (0.0%)
[Performance] EditorSceneManager.sceneOpened: UnityEditor.SceneManagement.StageNavigationManager.OnSceneOpened                     :        1 samples, Peak.   708 us (1.0x), Avg.   708 us, Total. 707.6 us (0.0%)
[Performance] TimelineAnalyticsProcess.OnProcessScene                                                                              :        1 samples, Peak.  4.05 ms (1.0x), Avg.  4.05 ms, Total. 4.053 ms (0.0%)
[Performance] UnityBuildPostprocessor.OnProcessScene                                                                               :        1 samples, Peak.  6.21 ms (1.0x), Avg.  6.21 ms, Total. 6.212 ms (0.0%)
[Performance] AttributeCallbackWrapper.OnProcessScene                                                                              :        1 samples, Peak.  17.3 ms (1.0x), Avg.  17.3 ms, Total. 17.35 ms (0.0%)
[Performance] EditorApplication.quitting: MCPForUnity.Editor.Services.McpEditorShutdownCleanup.OnEditorQuitting                    :        1 samples, Peak.   986 us (1.0x), Avg.   986 us, Total. 985.8 us (0.0%)
[Performance] EditorApplication.quitting: MCPForUnity.Editor.Services.StdioBridgeReloadHandler.CancelRetries                       :        1 samples, Peak.   178 us (1.0x), Avg.   178 us, Total. 178.3 us (0.0%)
[Performance] EditorApplication.quitting: UnityEditor.Tilemaps.SceneViewGridManager.EditorQuitting                                 :        1 samples, Peak.   188 us (1.0x), Avg.   188 us, Total. 188.2 us (0.0%)
[Performance] EditorApplication.quitting: callback in UnityEditor.TextCore.Text.EditorEventCallbacks                               :        1 samples, Peak.  45.1 ms (1.0x), Avg.  45.1 ms, Total. 45.08 ms (0.0%)
[Performance] Application.Shutdown.PauseProfilerSession                                                                            :        1 samples, Peak.  1.27 ms (1.0x), Avg.  1.27 ms, Total. 1.274 ms (0.0%)
[Performance] Application.Shutdown.PauseAssetImportWorkers                                                                         :        1 samples, Peak.   624 us (1.0x), Avg.   624 us, Total. 623.8 us (0.0%)
[Performance] Application.Shutdown.SaveAssets                                                                                      :        1 samples, Peak.  6.68 ms (1.0x), Avg.  6.68 ms, Total. 6.685 ms (0.0%)
[Performance] Application.Shutdown.CleanupRenderPipeline                                                                           :        1 samples, Peak.  61.5 us (1.0x), Avg.  61.5 us, Total. 61.50 us (0.0%)
[Performance] Application.Shutdown.StopPreloadManager                                                                              :        1 samples, Peak.  9.60 ms (1.0x), Avg.  9.60 ms, Total. 9.596 ms (0.0%)
[Performance] Application.Shutdown.DestroyWorld                                                                                    :        1 samples, Peak.  1.37 ms (1.0x), Avg.  1.37 ms, Total. 1.370 ms (0.0%)
[Performance] Application.Shutdown.CleanupAfterLoad                                                                                :        1 samples, Peak.  10.7 ms (1.0x), Avg.  10.7 ms, Total. 10.75 ms (0.0%)
[Performance] Application.Shutdown.Progress                                                                                        :        1 samples, Peak.   603 us (1.0x), Avg.   603 us, Total. 602.8 us (0.0%)
[Performance] Application.Shutdown.GICleanupManagers                                                                               :        1 samples, Peak.  4.47 ms (1.0x), Avg.  4.47 ms, Total. 4.467 ms (0.0%)
[Performance] Application.Shutdown.MenuCleanupClass                                                                                :        1 samples, Peak.   865 us (1.0x), Avg.   865 us, Total. 865.4 us (0.0%)
[Performance] Application.Shutdown.ADBSaveStateBeforeShutdown                                                                      :        1 samples, Peak.  19.7 us (1.0x), Avg.  19.7 us, Total. 19.70 us (0.0%)
[Performance] Application.Shutdown.RemoteShutdown                                                                                  :        1 samples, Peak.  3.30 us (1.0x), Avg.  3.30 us, Total. 3.300 us (0.0%)
[Performance] Application.Shutdown.CleanupVCProvider                                                                               :        1 samples, Peak.   214 us (1.0x), Avg.   214 us, Total. 213.5 us (0.0%)
[Performance] Application.Shutdown.InputShutdown                                                                                   :        1 samples, Peak.   191 us (1.0x), Avg.   191 us, Total. 190.7 us (0.0%)
[Performance] Application.Shutdown.GizmoManagerDestroy                                                                             :        1 samples, Peak.  1.64 ms (1.0x), Avg.  1.64 ms, Total. 1.642 ms (0.0%)
[Performance] Application.Shutdown.ProfilerSession                                                                                 :        1 samples, Peak.   669 us (1.0x), Avg.   669 us, Total. 669.2 us (0.0%)
[Performance] Application.Shutdown.ReleaseGfxWindowOnAllGUIViews                                                                   :        1 samples, Peak.  2.50 us (1.0x), Avg.  2.50 us, Total. 2.500 us (0.0%)
[Performance] Application.Shutdown.CleanupEngine                                                                                   :        1 samples, Peak.   282 ms (1.0x), Avg.   282 ms, Total. 281.6 ms (0.2%)
[Performance] Application.Shutdown.CleanupAssetDatabase                                                                            :        1 samples, Peak.  21.4 ms (1.0x), Avg.  21.4 ms, Total. 21.37 ms (0.0%)
[Performance] Application.Shutdown.ScriptCompilationCleanUp                                                                        :        1 samples, Peak.  33.5 ms (1.0x), Avg.  33.5 ms, Total. 33.51 ms (0.0%)
[Performance] Application.Shutdown.DestroyJobSystem                                                                                :        1 samples, Peak.   388 us (1.0x), Avg.   388 us, Total. 388.4 us (0.0%)
[Performance] Application.Shutdown.CleanupPersistentManager                                                                        :        1 samples, Peak.  3.01 ms (1.0x), Avg.  3.01 ms, Total. 3.006 ms (0.0%)
[Performance] Application.Shutdown.CleanupAsyncReadManager                                                                         :        1 samples, Peak.  1.05 ms (1.0x), Avg.  1.05 ms, Total. 1.054 ms (0.0%)
[Performance] Application.Shutdown.CleanupProgressBar                                                                              :        1 samples, Peak.  4.00 us (1.0x), Avg.  4.00 us, Total. 4.000 us (0.0%)
[Performance] Application.Shutdown.CleanupMono                                                                                     :        1 samples, Peak.   166 ms (1.0x), Avg.   166 ms, Total. 166.3 ms (0.1%)
[Performance] Application.Shutdown.CleanupStdConverters                                                                            :        1 samples, Peak.  18.1 us (1.0x), Avg.  18.1 us, Total. 18.10 us (0.0%)
[Performance] Application.Shutdown.UnloadAllPlatformSupportModuleNativeDlls                                                        :        1 samples, Peak.  1.70 us (1.0x), Avg.  1.70 us, Total. 1.700 us (0.0%)
[Performance] Application.Shutdown.UnloadAllPlatformSupportNativeLibraries                                                         :        1 samples, Peak.   300 ns (1.0x), Avg.   300 ns, Total. 300.0 ns (0.0%)
[Performance] Application.Shutdown.CleanupAutoDocumentation                                                                        :        1 samples, Peak.   954 us (1.0x), Avg.   954 us, Total. 954.3 us (0.0%)
[Performance] Application.Shutdown.ShaderNameManagerDestroy                                                                        :        1 samples, Peak.   117 us (1.0x), Avg.   117 us, Total. 116.7 us (0.0%)
[Performance] Application.Shutdown.CleanupCacheServer                                                                              :        1 samples, Peak.   300 ns (1.0x), Avg.   300 ns, Total. 300.0 ns (0.0%)
[Performance] Application.Shutdown.Virtualization_Shutdown                                                                         :        1 samples, Peak.  1.10 us (1.0x), Avg.  1.10 us, Total. 1.100 us (0.0%)
[Performance] Application.Shutdown.DevConnections                                                                                  :        1 samples, Peak.   196 us (1.0x), Avg.   196 us, Total. 195.8 us (0.0%)
Exiting batchmode successfully now!
Exiting without the bug reporter. Application will terminate with return code 0